i, 4120.404835783412
me, 1406.3635658671903
can, 805.7515282063665
of, 805.7515282063665
be, 596.6966571495019
time, 564.3565740732993
very, 564.3565740732993
feel, 564.3565740732993
always, 564.3565740732993
we, 548.6811775015904
because, 548.6811775015904
go, 533.309035382422
when, 533.309035382422
are, 533.309035382422
am, 533.309035382422
friends, 488.81968714490284
them, 474.46891859902104
my, 474.46891859902104
parents, 460.32587991301745
learn, 446.371085480286
mother, 446.371085480286
about, 432.5844815025692
happy, 432.5844815025692
play, 432.5844815025692
up, 432.5844815025692
but, 418.94518695638385
as, 418.94518695638385
much, 418.94518695638385
what, 418.94518695638385
life, 418.94518695638385
was, 405.431177035531
lot, 405.431177035531
has, 405.431177035531
she, 392.0188882856411
see, 378.6827158353972
love, 378.6827158353972
make, 378.6827158353972
so, 365.3943596595656
realize, 365.3943596595656
tell, 365.3943596595656
get, 365.3943596595656
small, 352.1219557013267
excited, 352.1219557013267
an, 352.1219557013267
food, 352.1219557013267
school, 338.8288936579454
out, 338.8288936579454
hard, 338.8288936579454
home, 338.8288936579454
myself, 338.8288936579454
other, 338.8288936579454
think, 338.8288936579454
find, 338.8288936579454
don’t, 325.4721665941238
just, 325.4721665941238
one, 325.4721665941238
on, 325.4721665941238
though, 325.4721665941238
well, 325.4721665941238
keep, 325.4721665941238
can’t, 325.4721665941238
years, 325.4721665941238
must, 325.4721665941238
family, 311.999999688
important, 311.999999688
something, 311.999999688
also, 311.999999688
which, 311.999999688
makes, 311.999999688
great, 311.999999688
read, 311.999999688
such, 311.999999688
children, 298.34832886004494
they, 298.34832886004494
enjoy, 298.34832886004494
more, 298.34832886004494
in, 298.34832886004494
since, 298.34832886004494
talk, 298.34832886004494
from, 298.34832886004494
last, 298.34832886004494
heart, 298.34832886004494
day, 298.34832886004494
house, 298.34832886004494
look, 298.34832886004494
meet, 298.34832886004494
know, 298.34832886004494
soon, 298.34832886004494
let, 298.34832886004494
future, 284.4353648117105
chinese, 284.4353648117105
way, 284.4353648117105
better, 284.4353648117105
every, 284.4353648117105
big, 284.4353648117105
say, 284.4353648117105
each, 284.4353648117105
made, 284.4353648117105
finish, 284.4353648117105
eat, 284.4353648117105
moment, 284.4353648117105
buy, 284.4353648117105
real, 284.4353648117105
enough, 284.4353648117105
study, 284.4353648117105
give, 284.4353648117105
different, 284.4353648117105
felt, 270.15280131111626
saw, 270.15280131111626
english, 270.15280131111626
face, 270.15280131111626
result, 270.15280131111626
trouble, 270.15280131111626
remember, 270.15280131111626
best, 270.15280131111626
coming, 270.15280131111626
before, 270.15280131111626
delicious, 270.15280131111626
forward, 270.15280131111626
us, 270.15280131111626
after, 270.15280131111626
famous, 270.15280131111626
old, 270.15280131111626
ago, 270.15280131111626
beautiful, 270.15280131111626
world, 270.15280131111626
no, 270.15280131111626
matter, 270.15280131111626
everybody, 270.15280131111626
friend, 270.15280131111626
helps, 270.15280131111626
person, 270.15280131111626
try, 270.15280131111626
girl, 270.15280131111626
news, 270.15280131111626
become, 270.15280131111626
happiness, 270.15280131111626
most, 255.35075420964577
tells, 255.35075420964577
deal, 255.35075420964577
problem, 255.35075420964577
take, 255.35075420964577
cool, 255.35075420964577
live, 255.35075420964577
proud, 255.35075420964577
everything, 255.35075420964577
asks, 255.35075420964577
little, 255.35075420964577
down, 255.35075420964577
morning, 255.35075420964577
country, 255.35075420964577
around, 255.35075420964577
come, 255.35075420964577
favorite, 255.35075420964577
would, 255.35075420964577
grow, 255.35075420964577
class, 255.35075420964577
others, 255.35075420964577
knowledge, 255.35075420964577
computer, 255.35075420964577
games, 255.35075420964577
job, 255.35075420964577
new, 255.35075420964577
how, 255.35075420964577
child, 255.35075420964577
recently, 255.35075420964577
bad, 255.35075420964577
lovely, 255.35075420964577
young, 255.35075420964577
protect, 255.35075420964577
work, 255.35075420964577
again, 255.35075420964577
attention, 255.35075420964577
some, 239.80999730983197
special, 239.80999730983197
a, 239.80999730983197
sleep, 239.80999730983197
known, 239.80999730983197
language, 239.80999730983197
foreigners, 239.80999730983197
than, 239.80999730983197
student, 239.80999730983197
comes, 239.80999730983197
her, 239.80999730983197
exam, 239.80999730983197
inspired, 239.80999730983197
move, 239.80999730983197
walk, 239.80999730983197
into, 239.80999730983197
at, 239.80999730983197
share, 239.80999730983197
fall, 239.80999730983197
lesson, 239.80999730983197
night, 239.80999730983197
hear, 239.80999730983197
looking, 239.80999730983197
naughty, 239.80999730983197
still, 239.80999730983197
these, 239.80999730983197
culture, 239.80999730983197
hometown, 239.80999730983197
place, 239.80999730983197
early, 239.80999730983197
clean, 239.80999730983197
takes, 239.80999730983197
side, 239.80999730983197
forget, 239.80999730983197
someone, 239.80999730983197
travel, 239.80999730983197
teacher, 239.80999730983197
environment, 239.80999730983197
who, 239.80999730983197
mind, 239.80999730983197
task, 239.80999730983197
funny, 239.80999730983197
kind, 239.80999730983197
persons, 239.80999730983197
animals, 239.80999730983197
nice, 239.80999730983197
late, 239.80999730983197
feels, 239.80999730983197
independent, 239.80999730983197
stories, 239.80999730983197
name, 239.80999730983197
too, 239.80999730983197
fun, 223.18554289979616
kids, 223.18554289979616
studying, 223.18554289979616
evening, 223.18554289979616
man, 223.18554289979616
went, 223.18554289979616
end, 223.18554289979616
took, 223.18554289979616
car, 223.18554289979616
eyes, 223.18554289979616
many, 223.18554289979616
speak, 223.18554289979616
needs, 223.18554289979616
kinds, 223.18554289979616
actually, 223.18554289979616
improve, 223.18554289979616
sometimes, 223.18554289979616
high, 223.18554289979616
week, 223.18554289979616
did, 223.18554289979616
lost, 223.18554289979616
lose, 223.18554289979616
now, 223.18554289979616
positive, 223.18554289979616
classmates, 223.18554289979616
there, 223.18554289979616
visit, 223.18554289979616
summer, 223.18554289979616
plans, 223.18554289979616
useful, 223.18554289979616
skill, 223.18554289979616
water, 223.18554289979616
ordinary, 223.18554289979616
easy, 223.18554289979616
raise, 223.18554289979616
primary, 223.18554289979616
classic, 223.18554289979616
wake, 223.18554289979616
highly, 223.18554289979616
pot, 223.18554289979616
put, 223.18554289979616
told, 223.18554289979616
catch, 223.18554289979616
talent, 223.18554289979616
successful, 223.18554289979616
example, 223.18554289979616
used, 223.18554289979616
minute, 223.18554289979616
excuse, 223.18554289979616
tomorrow, 223.18554289979616
changes, 223.18554289979616
wait, 223.18554289979616
only, 223.18554289979616
solve, 223.18554289979616
loves, 223.18554289979616
focus, 223.18554289979616
decide, 223.18554289979616
treated, 223.18554289979616
same, 223.18554289979616
age, 223.18554289979616
lucky, 223.18554289979616
understand, 223.18554289979616
words, 223.18554289979616
gave, 223.18554289979616
necessary, 223.18554289979616
show, 223.18554289979616
especially, 223.18554289979616
start, 223.18554289979616
guide, 223.18554289979616
difficulty, 223.18554289979616
book, 223.18554289979616
could, 223.18554289979616
happen, 223.18554289979616
fact, 223.18554289979616
dance, 223.18554289979616
li, 223.18554289979616
knows, 223.18554289979616
families, 223.18554289979616
interesting, 223.18554289979616
movie, 223.18554289979616
days, 223.18554289979616
quiet, 223.18554289979616
books, 223.18554289979616
quickly, 223.18554289979616
five, 223.18554289979616
hope, 223.18554289979616
listen, 223.18554289979616
unhappy, 223.18554289979616
polite, 223.18554289979616
and, 204.87514239860946
their, 204.87514239860946
skills, 204.87514239860946
that, 204.87514239860946
taxi, 204.87514239860946
his, 204.87514239860946
never, 204.87514239860946
loudly, 204.87514239860946
someday, 204.87514239860946
waiting, 204.87514239860946
talked, 204.87514239860946
failure, 204.87514239860946
smile, 204.87514239860946
attitude, 204.87514239860946
classroom, 204.87514239860946
another, 204.87514239860946
three, 204.87514239860946
near, 204.87514239860946
presents, 204.87514239860946
birthday, 204.87514239860946
touched, 204.87514239860946
spend, 204.87514239860946
lake, 204.87514239860946
happily, 204.87514239860946
seen, 204.87514239860946
while, 204.87514239860946
leisure, 204.87514239860946
memory, 204.87514239860946
vacation, 204.87514239860946
swimming, 204.87514239860946
save, 204.87514239860946
sports, 204.87514239860946
happened, 204.87514239860946
boy, 204.87514239860946
stops, 204.87514239860946
playing, 204.87514239860946
stop, 204.87514239860946
poems, 204.87514239860946
recite, 204.87514239860946
ignored, 204.87514239860946
two, 204.87514239860946
road, 204.87514239860946
grandma, 204.87514239860946
hello, 204.87514239860946
trees, 204.87514239860946
green, 204.87514239860946
river, 204.87514239860946
spicy, 204.87514239860946
soup, 204.87514239860946
hotness, 204.87514239860946
dress, 204.87514239860946
sky, 204.87514239860946
blue, 204.87514239860946
scenery, 204.87514239860946
noticed, 204.87514239860946
don´t, 204.87514239860946
taiwan, 204.87514239860946
mountain, 204.87514239860946
view, 204.87514239860946
bring, 204.87514239860946
public, 204.87514239860946
whether, 204.87514239860946
works, 204.87514239860946
gives, 204.87514239860946
finishing, 204.87514239860946
semester, 204.87514239860946
level, 204.87514239860946
master, 204.87514239860946
decides, 204.87514239860946
zoo, 204.87514239860946
monkey, 204.87514239860946
impresses, 204.87514239860946
active, 204.87514239860946
going, 204.87514239860946
bananas, 204.87514239860946
feed, 204.87514239860946
monkeys, 204.87514239860946
rush, 204.87514239860946
once, 204.87514239860946
scared, 204.87514239860946
helped, 204.87514239860946
cant, 204.87514239860946
color, 204.87514239860946
does, 204.87514239860946
tired, 204.87514239860946
anymore, 204.87514239860946
care, 204.87514239860946
looks, 204.87514239860946
younger, 204.87514239860946
refuse, 204.87514239860946
catches, 204.87514239860946
music, 204.87514239860946
grown, 204.87514239860946
singing, 204.87514239860946
voice, 204.87514239860946
almost, 204.87514239860946
cook, 204.87514239860946
back, 204.87514239860946
prepared, 204.87514239860946
eating, 204.87514239860946
meat, 204.87514239860946
diet, 204.87514239860946
vegetables, 204.87514239860946
mom, 204.87514239860946
learns, 204.87514239860946
bill, 204.87514239860946
gates, 204.87514239860946
steve, 204.87514239860946
jobs, 204.87514239860946
moving, 204.87514239860946
sit, 204.87514239860946
together, 204.87514239860946
having, 204.87514239860946
been, 204.87514239860946
sorrow, 204.87514239860946
accept, 204.87514239860946
activities, 204.87514239860946
sing, 204.87514239860946
meets, 204.87514239860946
secrets, 204.87514239860946
stay, 204.87514239860946
story, 204.87514239860946
girls, 204.87514239860946
negative, 204.87514239860946
herself, 204.87514239860946
leave, 204.87514239860946
watch, 204.87514239860946
lonely, 204.87514239860946
mood, 204.87514239860946
police, 204.87514239860946
educate, 204.87514239860946
money, 204.87514239860946
rich, 204.87514239860946
smiles, 204.87514239860946
comfortable, 204.87514239860946
tries, 204.87514239860946
importance, 204.87514239860946
animal, 204.87514239860946
reported, 204.87514239860946
write, 204.87514239860946
plan, 204.87514239860946
dying, 204.87514239860946
found, 204.87514239860946
shop, 204.87514239860946
pay, 204.87514239860946
full, 204.87514239860946
search, 204.87514239860946
planned, 204.87514239860946
dreams, 204.87514239860946
etc, 204.87514239860946
common, 204.87514239860946
japan, 204.87514239860946
learned, 204.87514239860946
shows, 204.87514239860946
lucy, 204.87514239860946
thankful, 204.87514239860946
cherish, 204.87514239860946
promise, 204.87514239860946
idea, 204.87514239860946
friendship, 204.87514239860946
forever, 204.87514239860946
right, 204.87514239860946
free, 204.87514239860946
meal, 204.87514239860946
songs, 204.87514239860946
protecting, 204.87514239860946
couldn’t, 204.87514239860946
ask, 204.87514239860946
sent, 204.87514239860946
respect, 204.87514239860946
educated, 204.87514239860946
wanted, 204.87514239860946
movies, 204.87514239860946
talking, 204.87514239860946
angry, 204.87514239860946
hand, 204.87514239860946
said, 204.87514239860946
sorry, 204.87514239860946
like, 183.64067583305763
to, 183.64067583305763
want, 183.64067583305763
freedom, 183.64067583305763
hang, 183.64067583305763
for, 183.64067583305763
all, 183.64067583305763
the, 183.64067583305763
help, 183.64067583305763
win, 183.64067583305763
applause, 183.64067583305763
need, 183.64067583305763
party, 183.64067583305763
he, 183.64067583305763
drinked, 183.64067583305763
ch3cooh, 183.64067583305763
asleep, 183.64067583305763
driver, 183.64067583305763
do, 183.64067583305763
opened, 183.64067583305763
aand, 183.64067583305763
it, 183.64067583305763
is, 183.64067583305763
international, 183.64067583305763
were, 183.64067583305763
have, 183.64067583305763
chance, 183.64067583305763
with, 183.64067583305763
features, 183.64067583305763
embarrassed, 183.64067583305763
making, 183.64067583305763
mistakes, 183.64067583305763
chinglish, 183.64067583305763
may, 183.64067583305763
formal, 183.64067583305763
exams, 183.64067583305763
score, 183.64067583305763
sitting, 183.64067583305763
court, 183.64067583305763
judge, 183.64067583305763
announce, 183.64067583305763
cares, 183.64067583305763
ability, 183.64067583305763
getting, 183.64067583305763
doesn’t, 183.64067583305763
mean, 183.64067583305763
agree, 183.64067583305763
not, 183.64067583305763
then, 183.64067583305763
today, 183.64067583305763
deskmate, 183.64067583305763
brings, 183.64067583305763
corner, 183.64067583305763
surprised, 183.64067583305763
uncle, 183.64067583305763
invites, 183.64067583305763
our, 183.64067583305763
him, 183.64067583305763
this, 183.64067583305763
weekend, 183.64067583305763
will, 183.64067583305763
cousins, 183.64067583305763
haven’t, 183.64067583305763
daily, 183.64067583305763
things, 183.64067583305763
enjoying, 183.64067583305763
precious, 183.64067583305763
first, 183.64067583305763
thing, 183.64067583305763
if, 183.64067583305763
father, 183.64067583305763
willing, 183.64067583305763
good, 183.64067583305763
tasting, 183.64067583305763
living, 183.64067583305763
situation, 183.64067583305763
friend’s, 183.64067583305763
emergent, 183.64067583305763
later, 183.64067583305763
goes, 183.64067583305763
mother’s, 183.64067583305763
effort, 183.64067583305763
written, 183.64067583305763
by, 183.64067583305763
poets, 183.64067583305763
tasks, 183.64067583305763
cultivate, 183.64067583305763
interest, 183.64067583305763
lived, 183.64067583305763
people, 183.64067583305763
hot, 183.64067583305763
where, 183.64067583305763
buys, 183.64067583305763
present, 183.64067583305763
piece, 183.64067583305763
return, 183.64067583305763
holidays, 183.64067583305763
fish, 183.64067583305763
dear, 183.64067583305763
top, 183.64067583305763
students, 183.64067583305763
average, 183.64067583305763
often, 183.64067583305763
art, 183.64067583305763
or, 183.64067583305763
supports, 183.64067583305763
contry´s, 183.64067583305763
middle, 183.64067583305763
east, 183.64067583305763
pig, 183.64067583305763
westness, 183.64067583305763
sweet, 183.64067583305763
petato, 183.64067583305763
second, 183.64067583305763
yourself, 183.64067583305763
less, 183.64067583305763
pressurethe, 183.64067583305763
foriend, 183.64067583305763
you, 183.64067583305763
oversea, 183.64067583305763
use, 183.64067583305763
recycle, 183.64067583305763
haven´t, 183.64067583305763
garbage, 183.64067583305763
destroy, 183.64067583305763
idol, 183.64067583305763
set, 183.64067583305763
should, 183.64067583305763
pretty, 183.64067583305763
hero, 183.64067583305763
persistence, 183.64067583305763
achievement, 183.64067583305763
six, 183.64067583305763
grade, 183.64067583305763
year, 183.64067583305763
nature, 183.64067583305763
seek, 183.64067583305763
ignore, 183.64067583305763
themselves, 183.64067583305763
built, 183.64067583305763
confidence, 183.64067583305763
stronger, 183.64067583305763
ourselves, 183.64067583305763
yellow, 183.64067583305763
skin, 183.64067583305763
white, 183.64067583305763
black, 183.64067583305763
deny, 183.64067583305763
complain, 183.64067583305763
strict, 183.64067583305763
whatever, 183.64067583305763
criticizes, 183.64067583305763
hurt, 183.64067583305763
explain, 183.64067583305763
game, 183.64067583305763
really, 183.64067583305763
sleeping, 183.64067583305763
nowadays, 183.64067583305763
pets, 183.64067583305763
company, 183.64067583305763
members, 183.64067583305763
owner, 183.64067583305763
abandoned, 183.64067583305763
owner’s, 183.64067583305763
duty, 183.64067583305763
else, 183.64067583305763
statement, 183.64067583305763
becouse, 183.64067583305763
body, 183.64067583305763
success, 183.64067583305763
cousing, 183.64067583305763
fail, 183.64067583305763
els, 183.64067583305763
huminatation, 183.64067583305763
self, 183.64067583305763
woman, 183.64067583305763
lives, 183.64067583305763
next, 183.64067583305763
envious, 183.64067583305763
speaks, 183.64067583305763
talks, 183.64067583305763
kid, 183.64067583305763
adults, 183.64067583305763
innocent, 183.64067583305763
totally, 183.64067583305763
strangers, 183.64067583305763
distance, 183.64067583305763
kidnapped, 183.64067583305763
fair, 183.64067583305763
farm, 183.64067583305763
local, 183.64067583305763
lively, 183.64067583305763
atmosphere, 183.64067583305763
natural, 183.64067583305763
protection, 183.64067583305763
neighbors, 183.64067583305763
standing, 183.64067583305763
garden, 183.64067583305763
practicing, 183.64067583305763
everyday, 183.64067583305763
born, 183.64067583305763
stand, 183.64067583305763
picky, 183.64067583305763
worry, 183.64067583305763
fruits, 183.64067583305763
cartoon, 183.64067583305763
pictures, 183.64067583305763
winter, 183.64067583305763
pick, 183.64067583305763
tastes, 183.64067583305763
convenient, 183.64067583305763
china, 183.64067583305763
symbol, 183.64067583305763
sees, 183.64067583305763
alien’s, 183.64067583305763
foresee, 183.64067583305763
change, 183.64067583305763
retired, 183.64067583305763
husband, 183.64067583305763
group, 183.64067583305763
mei, 183.64067583305763
without, 183.64067583305763
hesitation, 183.64067583305763
fairy, 183.64067583305763
tale, 183.64067583305763
cinderella, 183.64067583305763
badly, 183.64067583305763
stepmother, 183.64067583305763
finally, 183.64067583305763
rescued, 183.64067583305763
prince, 183.64067583305763
seems, 183.64067583305763
wonderful, 183.64067583305763
waits, 183.64067583305763
someone’s, 183.64067583305763
fight, 183.64067583305763
expect, 183.64067583305763
people’s, 183.64067583305763
rescue, 183.64067583305763
meeting, 183.64067583305763
alone, 183.64067583305763
sad, 183.64067583305763
tv, 183.64067583305763
tain, 183.64067583305763
benefit, 183.64067583305763
folklore, 183.64067583305763
butiful, 183.64067583305763
word, 183.64067583305763
virgin, 183.64067583305763
vecation, 183.64067583305763
japen, 183.64067583305763
confrotable, 183.64067583305763
improstable, 183.64067583305763
any, 183.64067583305763
grabeby, 183.64067583305763
wish, 183.64067583305763
november, 183.64067583305763
rain, 183.64067583305763
dinner, 183.64067583305763
drink, 183.64067583305763
little醉, 183.64067583305763
dime, 183.64067583305763
heself, 183.64067583305763
walking, 183.64067583305763
disunderstanding, 183.64067583305763
police局, 183.64067583305763
8, 183.64067583305763
00am, 183.64067583305763
why, 183.64067583305763
喝醉, 183.64067583305763
yesterday, 183.64067583305763
red-face, 183.64067583305763
measured, 183.64067583305763
poor, 183.64067583305763
root, 183.64067583305763
introduces, 183.64067583305763
teachers, 183.64067583305763
caring, 183.64067583305763
educates, 183.64067583305763
balanced, 183.64067583305763
healthy, 183.64067583305763
vegetable, 183.64067583305763
dog, 183.64067583305763
loyal, 183.64067583305763
wandered, 183.64067583305763
wasted, 183.64067583305763
building, 183.64067583305763
guy, 183.64067583305763
moves, 183.64067583305763
dogs, 183.64067583305763
wrote, 183.64067583305763
letter, 183.64067583305763
receive, 183.64067583305763
ten, 183.64067583305763
meaningful, 183.64067583305763
recall, 183.64067583305763
remind, 183.64067583305763
passion, 183.64067583305763
owned, 183.64067583305763
xiao, 183.64067583305763
wants, 183.64067583305763
sets, 183.64067583305763
expectation, 183.64067583305763
latest, 183.64067583305763
progress, 183.64067583305763
reach, 183.64067583305763
becomes, 183.64067583305763
panda, 183.64067583305763
cute, 183.64067583305763
valuable, 183.64067583305763
rare, 183.64067583305763
government, 183.64067583305763
besides, 183.64067583305763
species, 183.64067583305763
disappear, 183.64067583305763
human, 183.64067583305763
being, 183.64067583305763
biology, 183.64067583305763
field, 183.64067583305763
observe, 183.64067583305763
flowers, 183.64067583305763
carefully, 183.64067583305763
walks, 183.64067583305763
square, 183.64067583305763
dances, 183.64067583305763
sun, 183.64067583305763
shining, 183.64067583305763
red, 183.64067583305763
city, 183.64067583305763
lily’s, 183.64067583305763
promised, 183.64067583305763
surprise, 183.64067583305763
amusement, 183.64067583305763
park, 183.64067583305763
lily, 183.64067583305763
joy, 183.64067583305763
items, 183.64067583305763
hasn’t, 183.64067583305763
done, 183.64067583305763
gift, 183.64067583305763
key, 183.64067583305763
worried, 183.64067583305763
places, 183.64067583305763
yes, 183.64067583305763
novel, 183.64067583305763
guys, 183.64067583305763
ending, 183.64067583305763
bills, 183.64067583305763
ot, 183.64067583305763
part-time, 183.64067583305763
didnt, 183.64067583305763
monry, 183.64067583305763
enconomic, 183.64067583305763
boring, 183.64067583305763
maybe, 183.64067583305763
expensive, 183.64067583305763
product, 183.64067583305763
difficult, 183.64067583305763
elder, 183.64067583305763
energy, 183.64067583305763
enrich, 183.64067583305763
pet, 183.64067583305763
agreed, 183.64067583305763
cat, 183.64067583305763
round, 183.64067583305763
angel, 183.64067583305763
order, 183.64067583305763
internet, 183.64067583305763
information, 183.64067583305763
raised, 183.64067583305763
wishes, 183.64067583305763
bottle, 183.64067583305763
exchange, 183.64067583305763
bottles, 183.64067583305763
open, 183.64067583305763
obvious, 183.64067583305763
dressing, 183.64067583305763
vitality, 183.64067583305763
expiences, 183.64067583305763
graduate, 183.64067583305763
camp, 183.64067583305763
museams…, 183.64067583305763
even, 183.64067583305763
traveling, 183.64067583305763
can´t, 183.64067583305763
ever, 183.64067583305763
gone, 183.64067583305763
plane, 183.64067583305763
got, 183.64067583305763
cars, 183.64067583305763
drive, 183.64067583305763
left, 183.64067583305763
shocked, 183.64067583305763
worldwilde, 183.64067583305763
teach, 183.64067583305763
wash, 183.64067583305763
steps, 183.64067583305763
mixing, 183.64067583305763
complains, 183.64067583305763
busy, 183.64067583305763
competitive, 183.64067583305763
camping, 183.64067583305763
returns, 183.64067583305763
lazy, 183.64067583305763
luckily, 183.64067583305763
hua, 183.64067583305763
partners, 183.64067583305763
elders, 183.64067583305763
satisfy, 183.64067583305763
prizes, 183.64067583305763
band, 183.64067583305763
coldplay, 183.64067583305763
song, 183.64067583305763
reason, 183.64067583305763
listening, 183.64067583305763
finds, 183.64067583305763
pocket, 183.64067583305763
cleaning, 183.64067583305763
gain, 183.64067583305763
extra, 183.64067583305763
swim, 183.64067583305763
boating, 183.64067583305763
pollution, 183.64067583305763
shopping, 183.64067583305763
foreigner, 183.64067583305763
problems, 183.64067583305763
assistant, 183.64067583305763
communicate, 183.64067583305763
wished, 183.64067583305763
emotion, 183.64067583305763
room, 183.64067583305763
cinema, 183.64067583305763
watching, 183.64067583305763
comedy, 183.64067583305763
ways, 183.64067583305763
dancing, 183.64067583305763
drawing, 183.64067583305763
interested, 183.64067583305763
tennis, 183.64067583305763
asked, 183.64067583305763
answer, 183.64067583305763
dream, 183.64067583305763
pass, 183.64067583305763
thinking, 183.64067583305763
contribution, 183.64067583305763
worth, 183.64067583305763
weather, 183.64067583305763
forecast, 183.64067583305763
predicted, 183.64067583305763
cold, 183.64067583305763
wind, 183.64067583305763
blow, 183.64067583305763
chillness, 183.64067583305763
afternoon, 183.64067583305763
started, 183.64067583305763
sleepy, 183.64067583305763
loosen, 183.64067583305763
historic, 183.64067583305763
site, 183.64067583305763
religion, 183.64067583305763
technology, 183.64067583305763
ballet, 183.64067583305763
choice, 183.64067583305763
inspiring, 183.64067583305763
inspire, 183.64067583305763
difficulties, 183.64067583305763
heroes, 183.64067583305763
succeed, 183.64067583305763
persistent, 183.64067583305763
treats, 183.64067583305763
waiter, 183.64067583305763
manner, 183.64067583305763
shouldn’t, 183.64067583305763
occasion, 183.64067583305763
banned, 183.64067583305763
disney, 183.64067583305763
animation, 183.64067583305763
beauty, 183.64067583305763
beast, 183.64067583305763
brought, 183.64067583305763
screen, 183.64067583305763
actors, 183.64067583305763
heroine, 183.64067583305763
bell, 183.64067583305763
character, 183.64067583305763
kindness, 183.64067583305763
attend, 183.64067583305763
friend´s, 183.64067583305763
marry, 183.64067583305763
ceremony, 183.64067583305763
drinks, 183.64067583305763
wine, 183.64067583305763
gulp, 183.64067583305763
host, 183.64067583305763
didn´t, 183.64067583305763
himself, 183.64067583305763
act, 183.64067583305763
wave, 183.64067583305763
policeman, 183.64067583305763
office, 183.64067583305763
here, 183.64067583305763
slept, 183.64067583305763
describe, 183.64067583305763
girl’s, 183.64067583305763
growing, 183.64067583305763
brave, 183.64067583305763
heroines, 183.64067583305763
helping, 183.64067583305763
everywhere, 183.64067583305763
knew, 183.64067583305763
land, 183.64067583305763
however, 183.64067583305763
somewhere, 183.64067583305763
differen, 183.64067583305763
chat, 183.64067583305763
noti, 183.64067583305763
i´m, 183.64067583305763
sell, 183.64067583305763
products, 183.64067583305763
praise, 183.64067583305763
strong, 183.64067583305763
difference, 183.64067583305763
called, 183.64067583305763
kongfu, 183.64067583305763
fat, 183.64067583305763
image, 183.64067583305763
fell, 183.64067583305763
relevant, 183.64067583305763
broaden, 183.64067583305763
vision, 183.64067583305763
touches, 183.64067583305763
readers, 183.64067583305763
own, 183.64067583305763
advantages, 183.64067583305763
disadvantages, 183.64067583305763
gradually, 183.64067583305763
david, 183.64067583305763
beckham, 183.64067583305763
medias, 183.64067583305763
four, 183.64067583305763
favored, 183.64067583305763
rules, 183.64067583305763
wife, 183.64067583305763
behave, 183.64067583305763
rumor, 183.64067583305763
headmaster, 183.64067583305763
gossiping, 183.64067583305763
curious, 183.64067583305763
turned, 183.64067583305763
wrong, 183.64067583305763
spread, 183.64067583305763
lied, 183.64067583305763
toldl, 183.64067583305763
feeling, 183.64067583305763
came, 183.64067583305763
break, 183.64067583305763
decided, 183.64067583305763
honest, 183.64067583305763
turns, 183.64067583305763
advance, 183.64067583305763
heart-broken, 183.64067583305763
won’t, 183.64067583305763
accompany, 183.64067583305763
true, 183.64067583305763
sister, 183.64067583305763
sings, 183.64067583305763
starts, 183.64067583305763
jealous, 183.64067583305763
admit, 183.64067583305763
