the, 312000000000.0
is, 15083.685549344087
have, 2195.5323868658643
be, 2195.5323868658643
are, 2195.5323868658643
can, 1995.5585791649135
than, 1231.9491081927963
in, 1231.9491081927963
from, 1148.153703906118
time, 1071.9963180640266
or, 1002.4123379156441
make, 1002.4123379156441
it, 938.5195658188482
do, 938.5195658188482
their, 938.5195658188482
no, 879.5797386289806
will, 824.9691695062154
who, 774.1560216036493
if, 774.1560216036493
our, 774.1560216036493
when, 774.1560216036493
about, 774.1560216036493
was, 726.6824478231956
good, 726.6824478231956
very, 726.6824478231956
me, 726.6824478231956
for, 682.1503163888991
think, 682.1503163888991
which, 682.1503163888991
way, 682.1503163888991
new, 682.1503163888991
into, 682.1503163888991
them, 640.2095673142564
every, 640.2095673142564
life, 640.2095673142564
better, 600.5484574932121
important, 600.5484574932121
work, 600.5484574932121
may, 600.5484574932121
up, 600.5484574932121
related, 562.8850784786586
however, 562.8850784786586
knowledge, 562.8850784786586
reasons, 562.8850784786586
like, 562.8850784786586
take, 562.8850784786586
reason, 526.9595802763554
agree, 526.9595802763554
need, 526.9595802763554
know, 526.9595802763554
thing, 526.9595802763554
has, 526.9595802763554
should, 526.9595802763554
different, 526.9595802763554
example, 526.9595802763554
much, 526.9595802763554
any, 526.9595802763554
as, 492.5264971907904
well, 492.5264971907904
learn, 492.5264971907904
without, 492.5264971907904
another, 492.5264971907904
become, 492.5264971907904
would, 492.5264971907904
hand, 459.346409414438
live, 459.346409414438
less, 459.346409414438
limited, 459.346409414438
t, 459.346409414438
find, 459.346409414438
working, 459.346409414438
get, 459.346409414438
try, 459.346409414438
consideration, 459.346409414438
really, 459.346409414438
best, 459.346409414438
following, 459.346409414438
money, 459.346409414438
keep, 459.346409414438
problem, 459.346409414438
this, 427.1757903490077
various, 427.1757903490077
world, 427.1757903490077
a, 427.1757903490077
we, 427.1757903490077
on, 427.1757903490077
some, 427.1757903490077
use, 427.1757903490077
great, 427.1757903490077
future, 427.1757903490077
but, 427.1757903490077
idea, 427.1757903490077
makes, 427.1757903490077
ability, 427.1757903490077
between, 427.1757903490077
am, 427.1757903490077
why, 427.1757903490077
years, 427.1757903490077
still, 427.1757903490077
give, 427.1757903490077
two, 427.1757903490077
could, 427.1757903490077
problems, 427.1757903490077
issue, 395.7530539505545
i, 395.7530539505545
because, 395.7530539505545
first, 395.7530539505545
others, 395.7530539505545
although, 395.7530539505545
study, 395.7530539505545
read, 395.7530539505545
day, 395.7530539505545
by, 395.7530539505545
interest, 395.7530539505545
leading, 395.7530539505545
number, 395.7530539505545
same, 395.7530539505545
facts, 395.7530539505545
understand, 395.7530539505545
us, 395.7530539505545
understanding, 395.7530539505545
him, 395.7530539505545
going, 395.7530539505545
enough, 395.7530539505545
computer, 395.7530539505545
experience, 395.7530539505545
those, 395.7530539505545
travel, 395.7530539505545
help, 395.7530539505545
thus, 395.7530539505545
result, 395.7530539505545
products, 395.7530539505545
spend, 395.7530539505545
must, 395.7530539505545
school, 395.7530539505545
development, 395.7530539505545
fact, 395.7530539505545
long, 395.7530539505545
say, 395.7530539505545
food, 395.7530539505545
one, 364.7769479438306
people, 364.7769479438306
and, 364.7769479438306
my, 364.7769479438306
order, 364.7769479438306
believe, 364.7769479438306
dont, 364.7769479438306
society, 364.7769479438306
so, 364.7769479438306
daily, 364.7769479438306
while, 364.7769479438306
too, 364.7769479438306
hard, 364.7769479438306
events, 364.7769479438306
most, 364.7769479438306
don, 364.7769479438306
opinion, 364.7769479438306
he, 364.7769479438306
around, 364.7769479438306
each, 364.7769479438306
real, 364.7769479438306
want, 364.7769479438306
successful, 364.7769479438306
situation, 364.7769479438306
science, 364.7769479438306
product, 364.7769479438306
ways, 364.7769479438306
ideas, 364.7769479438306
concepts, 364.7769479438306
happy, 364.7769479438306
few, 364.7769479438306
car, 364.7769479438306
took, 364.7769479438306
man, 364.7769479438306
high, 364.7769479438306
aspects, 364.7769479438306
doing, 364.7769479438306
how, 364.7769479438306
see, 364.7769479438306
never, 364.7769479438306
lot, 364.7769479438306
method, 364.7769479438306
benefit, 364.7769479438306
meanwhile, 364.7769479438306
own, 364.7769479438306
execution, 364.7769479438306
stereotype, 364.7769479438306
lack, 364.7769479438306
child, 364.7769479438306
economy, 364.7769479438306
effect, 364.7769479438306
large, 364.7769479438306
your, 364.7769479438306
today, 364.7769479438306
spending, 364.7769479438306
concept, 364.7769479438306
statement, 364.7769479438306
that, 333.8689317793331
specific, 333.8689317793331
change, 333.8689317793331
conclusion, 333.8689317793331
there, 333.8689317793331
comes, 333.8689317793331
after, 333.8689317793331
book, 333.8689317793331
purpose, 333.8689317793331
feasibility, 333.8689317793331
modern, 333.8689317793331
major, 333.8689317793331
deficiency, 333.8689317793331
proper, 333.8689317793331
physical, 333.8689317793331
seeing, 333.8689317793331
close, 333.8689317793331
right, 333.8689317793331
needed, 333.8689317793331
city, 333.8689317793331
pressure, 333.8689317793331
since, 333.8689317793331
also, 333.8689317793331
what, 333.8689317793331
reduce, 333.8689317793331
kind, 333.8689317793331
whole, 333.8689317793331
activities, 333.8689317793331
able, 333.8689317793331
disagree, 333.8689317793331
class, 333.8689317793331
famous, 333.8689317793331
secondly, 333.8689317793331
they, 333.8689317793331
cant, 333.8689317793331
success, 333.8689317793331
last, 333.8689317793331
above, 333.8689317793331
social, 333.8689317793331
easily, 333.8689317793331
student, 333.8689317793331
evening, 333.8689317793331
including, 333.8689317793331
home, 333.8689317793331
taxi, 333.8689317793331
police, 333.8689317793331
himself, 333.8689317793331
before, 333.8689317793331
project, 333.8689317793331
team, 333.8689317793331
made, 333.8689317793331
decision, 333.8689317793331
often, 333.8689317793331
ago, 333.8689317793331
grow, 333.8689317793331
via, 333.8689317793331
doesn, 333.8689317793331
claim, 333.8689317793331
earn, 333.8689317793331
soon, 333.8689317793331
reach, 333.8689317793331
process, 333.8689317793331
ther, 333.8689317793331
certain, 333.8689317793331
were, 333.8689317793331
environment, 333.8689317793331
oil, 333.8689317793331
research, 333.8689317793331
amount, 333.8689317793331
country, 333.8689317793331
support, 333.8689317793331
big, 333.8689317793331
increase, 333.8689317793331
perspectives, 333.8689317793331
enjoy, 333.8689317793331
doesnt, 333.8689317793331
case, 333.8689317793331
attend, 333.8689317793331
station, 333.8689317793331
increasing, 333.8689317793331
spectrum, 333.8689317793331
extent, 333.8689317793331
performance, 333.8689317793331
through, 333.8689317793331
topic, 333.8689317793331
advertisement, 333.8689317793331
business, 333.8689317793331
advantage, 333.8689317793331
out, 333.8689317793331
essential, 333.8689317793331
used, 333.8689317793331
word, 333.8689317793331
question, 333.8689317793331
excited, 333.8689317793331
desire, 333.8689317793331
to, 302.4989715630112
many, 302.4989715630112
academic, 302.4989715630112
prefer, 302.4989715630112
content, 302.4989715630112
outshines, 302.4989715630112
terms, 302.4989715630112
part, 302.4989715630112
tend, 302.4989715630112
move, 302.4989715630112
these, 302.4989715630112
methods, 302.4989715630112
differently, 302.4989715630112
even, 302.4989715630112
suggests, 302.4989715630112
greater, 302.4989715630112
location, 302.4989715630112
proximity, 302.4989715630112
spent, 302.4989715630112
indispensable, 302.4989715630112
trip, 302.4989715630112
access, 302.4989715630112
hours, 302.4989715630112
contrast, 302.4989715630112
financial, 302.4989715630112
job, 302.4989715630112
not, 302.4989715630112
college, 302.4989715630112
went, 302.4989715630112
everyone, 302.4989715630112
learning, 302.4989715630112
teacher, 302.4989715630112
thinking, 302.4989715630112
themselves, 302.4989715630112
recently, 302.4989715630112
responsibility, 302.4989715630112
gave, 302.4989715630112
wrong, 302.4989715630112
propose, 302.4989715630112
beneficial, 302.4989715630112
does, 302.4989715630112
least, 302.4989715630112
atmosphere, 302.4989715630112
drank, 302.4989715630112
drunk, 302.4989715630112
couldn´t, 302.4989715630112
distinguish, 302.4989715630112
saying, 302.4989715630112
next, 302.4989715630112
game, 302.4989715630112
possible, 302.4989715630112
taking, 302.4989715630112
diverse, 302.4989715630112
risks, 302.4989715630112
already, 302.4989715630112
now, 302.4989715630112
using, 302.4989715630112
economic, 302.4989715630112
general, 302.4989715630112
happening, 302.4989715630112
strongly, 302.4989715630112
continue, 302.4989715630112
background, 302.4989715630112
trying, 302.4989715630112
based, 302.4989715630112
consider, 302.4989715630112
let, 302.4989715630112
had, 302.4989715630112
trees, 302.4989715630112
skills, 302.4989715630112
simultaneously, 302.4989715630112
early, 302.4989715630112
familiar, 302.4989715630112
follow, 302.4989715630112
plan, 302.4989715630112
toward, 302.4989715630112
claimed, 302.4989715630112
extra, 302.4989715630112
sometimes, 302.4989715630112
living, 302.4989715630112
cases, 302.4989715630112
assistance, 302.4989715630112
advertisements, 302.4989715630112
realy, 302.4989715630112
quality, 302.4989715630112
seem, 302.4989715630112
wear, 302.4989715630112
shoes, 302.4989715630112
eat, 302.4989715630112
talk, 302.4989715630112
rest, 302.4989715630112
set, 302.4989715630112
available, 302.4989715630112
energy, 302.4989715630112
solution, 302.4989715630112
burden, 302.4989715630112
developing, 302.4989715630112
department, 302.4989715630112
power, 302.4989715630112
moreover, 302.4989715630112
feasible, 302.4989715630112
bad, 302.4989715630112
event, 302.4989715630112
benefits, 302.4989715630112
sports, 302.4989715630112
being, 302.4989715630112
chance, 302.4989715630112
simple, 302.4989715630112
true, 302.4989715630112
family, 302.4989715630112
moment, 302.4989715630112
tell, 302.4989715630112
got, 302.4989715630112
peoples, 302.4989715630112
past, 302.4989715630112
television, 302.4989715630112
network, 302.4989715630112
enable, 302.4989715630112
contrary, 302.4989715630112
technology, 302.4989715630112
quickly, 302.4989715630112
implementation, 302.4989715630112
lots, 302.4989715630112
results, 302.4989715630112
causes, 302.4989715630112
extreme, 302.4989715630112
usually, 302.4989715630112
create, 302.4989715630112
cannot, 302.4989715630112
myself, 302.4989715630112
year, 302.4989715630112
design, 302.4989715630112
utilization, 302.4989715630112
machine, 302.4989715630112
appear, 302.4989715630112
individual, 302.4989715630112
classes, 302.4989715630112
alternatives, 302.4989715630112
instead, 302.4989715630112
implement, 302.4989715630112
tried, 302.4989715630112
required, 302.4989715630112
save, 302.4989715630112
paper, 302.4989715630112
technique, 302.4989715630112
definitely, 302.4989715630112
share, 302.4989715630112
choose, 302.4989715630112
risk, 302.4989715630112
something, 302.4989715630112
says, 302.4989715630112
dream, 302.4989715630112
feel, 302.4989715630112
saw, 302.4989715630112
been, 302.4989715630112
limiting, 302.4989715630112
types, 302.4989715630112
stop, 302.4989715630112
comparison, 302.4989715630112
resulting, 302.4989715630112
truth, 302.4989715630112
at, 269.81515542923813
broad, 269.81515542923813
specialize, 269.81515542923813
more, 269.81515542923813
culture, 269.81515542923813
peole, 269.81515542923813
second, 269.81515542923813
tedious, 269.81515542923813
routine, 269.81515542923813
rather, 269.81515542923813
watching, 269.81515542923813
former, 269.81515542923813
books, 269.81515542923813
point, 269.81515542923813
stay, 269.81515542923813
room, 269.81515542923813
novel, 269.81515542923813
office, 269.81515542923813
sufficient, 269.81515542923813
space, 269.81515542923813
sit, 269.81515542923813
merely, 269.81515542923813
practice, 269.81515542923813
practically, 269.81515542923813
suitable, 269.81515542923813
refer, 269.81515542923813
exercise, 269.81515542923813
commuting, 269.81515542923813
reliable, 269.81515542923813
conversely, 269.81515542923813
requirement, 269.81515542923813
devices, 269.81515542923813
established, 269.81515542923813
just, 269.81515542923813
purchasing, 269.81515542923813
period, 269.81515542923813
s, 269.81515542923813
cost, 269.81515542923813
expense, 269.81515542923813
given, 269.81515542923813
low, 269.81515542923813
regarded, 269.81515542923813
influences, 269.81515542923813
you, 269.81515542923813
father, 269.81515542923813
subject, 269.81515542923813
finally, 269.81515542923813
making, 269.81515542923813
wake, 269.81515542923813
teach, 269.81515542923813
pay, 269.81515542923813
old, 269.81515542923813
field, 269.81515542923813
an, 269.81515542923813
firstly, 269.81515542923813
struggle, 269.81515542923813
theory, 269.81515542923813
hardly, 269.81515542923813
didnt, 269.81515542923813
concentrating, 269.81515542923813
meal, 269.81515542923813
concentrate, 269.81515542923813
then, 269.81515542923813
self, 269.81515542923813
learned, 269.81515542923813
all, 269.81515542923813
text, 269.81515542923813
measures, 269.81515542923813
qualities, 269.81515542923813
besides, 269.81515542923813
lead, 269.81515542923813
basic, 269.81515542923813
perspective, 269.81515542923813
wedding, 269.81515542923813
party, 269.81515542923813
over, 269.81515542923813
cars, 269.81515542923813
morning, 269.81515542923813
told, 269.81515542923813
felt, 269.81515542923813
action, 269.81515542923813
matter, 269.81515542923813
programming, 269.81515542923813
taiwan, 269.81515542923813
university, 269.81515542923813
alternative, 269.81515542923813
proposed, 269.81515542923813
discussion, 269.81515542923813
data, 269.81515542923813
professional, 269.81515542923813
orders, 269.81515542923813
luck, 269.81515542923813
nor, 269.81515542923813
play, 269.81515542923813
win, 269.81515542923813
u, 269.81515542923813
deal, 269.81515542923813
young, 269.81515542923813
age, 269.81515542923813
forest, 269.81515542923813
useful, 269.81515542923813
tasks, 269.81515542923813
works, 269.81515542923813
arduous, 269.81515542923813
along, 269.81515542923813
attitude, 269.81515542923813
predictably, 269.81515542923813
free, 269.81515542923813
expect, 269.81515542923813
redundant, 269.81515542923813
poor, 269.81515542923813
focus, 269.81515542923813
surroundings, 269.81515542923813
vulnerable, 269.81515542923813
kids, 269.81515542923813
likely, 269.81515542923813
keeping, 269.81515542923813
eye, 269.81515542923813
subliminal, 269.81515542923813
damage, 269.81515542923813
irreversible, 269.81515542923813
suggest, 269.81515542923813
premature, 269.81515542923813
show, 269.81515542923813
hide, 269.81515542923813
customers, 269.81515542923813
look, 269.81515542923813
players, 269.81515542923813
usefull, 269.81515542923813
advertise, 269.81515542923813
record, 269.81515542923813
helping, 269.81515542923813
communities, 269.81515542923813
studying, 269.81515542923813
longer, 269.81515542923813
did, 269.81515542923813
opportunity, 269.81515542923813
attended, 269.81515542923813
come, 269.81515542923813
afraid, 269.81515542923813
approaches, 269.81515542923813
avoiding, 269.81515542923813
advancing, 269.81515542923813
fund, 269.81515542923813
place, 269.81515542923813
water, 269.81515542923813
pollution, 269.81515542923813
presence, 269.81515542923813
decline, 269.81515542923813
gas, 269.81515542923813
develop, 269.81515542923813
agriculture, 269.81515542923813
impact, 269.81515542923813
depended, 269.81515542923813
fuel, 269.81515542923813
companies, 269.81515542923813
polluting, 269.81515542923813
ecology, 269.81515542923813
forced, 269.81515542923813
reducing, 269.81515542923813
waste, 269.81515542923813
profit, 269.81515542923813
punishment, 269.81515542923813
imminent, 269.81515542923813
natural, 269.81515542923813
protect, 269.81515542923813
negative, 269.81515542923813
produced, 269.81515542923813
nonetheless, 269.81515542923813
-, 269.81515542923813
older, 269.81515542923813
music, 269.81515542923813
addition, 269.81515542923813
movement, 269.81515542923813
unhappy, 269.81515542923813
tv, 269.81515542923813
influence, 269.81515542923813
isnt, 269.81515542923813
small, 269.81515542923813
anyone, 269.81515542923813
begin, 269.81515542923813
beginning, 269.81515542923813
brother, 269.81515542923813
resturant, 269.81515542923813
came, 269.81515542923813
wine, 269.81515542923813
walked, 269.81515542923813
street, 269.81515542923813
driver, 269.81515542923813
fell, 269.81515542923813
found, 269.81515542923813
education, 269.81515542923813
conducted, 269.81515542923813
forget, 269.81515542923813
issues, 269.81515542923813
accessible, 269.81515542923813
interested, 269.81515542923813
inclined, 269.81515542923813
deliver, 269.81515542923813
opinions, 269.81515542923813
dominate, 269.81515542923813
unique, 269.81515542923813
chances, 269.81515542923813
humans, 269.81515542923813
receive, 269.81515542923813
short, 269.81515542923813
takes, 269.81515542923813
embark, 269.81515542923813
spreading, 269.81515542923813
affect, 269.81515542923813
sport, 269.81515542923813
accused, 269.81515542923813
lacking, 269.81515542923813
sociality, 269.81515542923813
justified, 269.81515542923813
body, 269.81515542923813
practices, 269.81515542923813
outstanding, 269.81515542923813
records, 269.81515542923813
adjust, 269.81515542923813
times, 269.81515542923813
break, 269.81515542923813
getting, 269.81515542923813
difficult, 269.81515542923813
task, 269.81515542923813
abreast, 269.81515542923813
talking, 269.81515542923813
friendship, 269.81515542923813
profits, 269.81515542923813
spanning, 269.81515542923813
restaurants, 269.81515542923813
industries, 269.81515542923813
created, 269.81515542923813
sink, 269.81515542923813
disadvantages, 269.81515542923813
ambition, 269.81515542923813
image, 269.81515542923813
undoubtedly, 269.81515542923813
booster, 269.81515542923813
superficial, 269.81515542923813
satisfy, 269.81515542923813
course, 269.81515542923813
establish, 269.81515542923813
step, 269.81515542923813
application, 269.81515542923813
words, 269.81515542923813
connection, 269.81515542923813
fast, 269.81515542923813
hence, 269.81515542923813
algorithm, 269.81515542923813
context, 269.81515542923813
20, 269.81515542923813
hardware, 269.81515542923813
pursue, 269.81515542923813
improving, 269.81515542923813
previous, 269.81515542923813
multiple, 269.81515542923813
reduction, 269.81515542923813
phone, 269.81515542923813
internship, 269.81515542923813
voice, 269.81515542923813
chinese, 269.81515542923813
frequency, 269.81515542923813
goal, 269.81515542923813
produce, 269.81515542923813
observe, 269.81515542923813
turned, 269.81515542923813
qualified, 269.81515542923813
provide, 269.81515542923813
willing, 269.81515542923813
both, 269.81515542923813
approach, 269.81515542923813
impressive, 269.81515542923813
believed, 269.81515542923813
practical, 269.81515542923813
abundant, 269.81515542923813
wonderfully, 269.81515542923813
polish, 269.81515542923813
hope, 269.81515542923813
pleasure, 269.81515542923813
said, 269.81515542923813
main, 269.81515542923813
responsabilities, 269.81515542923813
depend, 269.81515542923813
ones, 269.81515542923813
everything, 269.81515542923813
wait, 269.81515542923813
junior, 269.81515542923813
eagerness, 269.81515542923813
build, 269.81515542923813
software, 269.81515542923813
limitation, 269.81515542923813
view, 269.81515542923813
thanks, 269.81515542923813
e-mail, 269.81515542923813
solve, 269.81515542923813
curious, 269.81515542923813
heart, 269.81515542923813
sight, 269.81515542923813
remember, 269.81515542923813
visit, 269.81515542923813
didn´t, 269.81515542923813
magnitude, 269.81515542923813
designed, 269.81515542923813
driving, 269.81515542923813
walking, 269.81515542923813
organic, 269.81515542923813
deficient, 269.81515542923813
utilizing, 269.81515542923813
outcome, 269.81515542923813
target, 269.81515542923813
started, 269.81515542923813
incomes, 269.81515542923813
advantages, 269.81515542923813
contributes, 269.81515542923813
troubles, 269.81515542923813
here, 269.81515542923813
buying, 269.81515542923813
cheap, 269.81515542923813
looking, 269.81515542923813
diet, 269.81515542923813
restaurant, 269.81515542923813
saving, 269.81515542923813
sharing, 269.81515542923813
budget, 269.81515542923813
derive, 269.81515542923813
relationship, 269.81515542923813
alone, 269.81515542923813
campus, 269.81515542923813
during, 269.81515542923813
led, 269.81515542923813
tour, 269.81515542923813
guide, 269.81515542923813
girl, 269.81515542923813
suit, 269.81515542923813
nice, 269.81515542923813
thought, 269.81515542923813
strange, 269.81515542923813
deep, 269.81515542923813
woke, 269.81515542923813
happened, 269.81515542923813
inside, 269.81515542923813
story, 269.81515542923813
avoid, 269.81515542923813
she, 269.81515542923813
advertising, 269.81515542923813
rules, 269.81515542923813
buy, 269.81515542923813
weak, 269.81515542923813
exaggerated, 269.81515542923813
function, 269.81515542923813
attracts, 269.81515542923813
wants, 269.81515542923813
introduce, 269.81515542923813
furthermore, 269.81515542923813
tired, 269.81515542923813
characteristics, 269.81515542923813
selections, 269.81515542923813
becomes, 269.81515542923813
clear, 269.81515542923813
possibly, 269.81515542923813
form, 269.81515542923813
knowedge, 234.15715558495998
subgects, 234.15715558495998
subgect, 234.15715558495998
agee, 234.15715558495998
quikly, 234.15715558495998
knoweage, 234.15715558495998
prvent, 234.15715558495998
isolation, 234.15715558495998
peaple, 234.15715558495998
nurse, 234.15715558495998
contry, 234.15715558495998
such, 234.15715558495998
english, 234.15715558495998
socialogy, 234.15715558495998
abd, 234.15715558495998
socialate, 234.15715558495998
other, 234.15715558495998
information, 234.15715558495998
nusing, 234.15715558495998
person, 234.15715558495998
knowlede, 234.15715558495998
of, 234.15715558495998
understant, 234.15715558495998
fileds, 234.15715558495998
causepeople, 234.15715558495998
prejudice, 234.15715558495998
changed, 234.15715558495998
qulicky, 234.15715558495998
relaxing, 234.15715558495998
exercising, 234.15715558495998
physically, 234.15715558495998
movie, 234.15715558495998
reading, 234.15715558495998
fulfills, 234.15715558495998
latter, 234.15715558495998
its, 234.15715558495998
convenience, 234.15715558495998
low-cost, 234.15715558495998
generally, 234.15715558495998
speaking, 234.15715558495998
outdoor, 234.15715558495998
activity, 234.15715558495998
indoor, 234.15715558495998
with, 234.15715558495998
movies, 234.15715558495998
students, 234.15715558495998
reject, 234.15715558495998
wordy, 234.15715558495998
tiring, 234.15715558495998
surrounded, 234.15715558495998
textbooks, 234.15715558495998
adults, 234.15715558495998
confined, 234.15715558495998
airtight, 234.15715558495998
stick, 234.15715558495998
chair, 234.15715558495998
legs, 234.15715558495998
little, 234.15715558495998
eyes, 234.15715558495998
relax, 234.15715558495998
educated, 234.15715558495998
underage, 234.15715558495998
children, 234.15715558495998
literacy, 234.15715558495998
group, 234.15715558495998
either, 234.15715558495998
elder, 234.15715558495998
low-intensity, 234.15715558495998
system, 234.15715558495998
suited, 234.15715558495998
handicap, 234.15715558495998
well-developing, 234.15715558495998
international, 234.15715558495998
emergy, 234.15715558495998
fun, 234.15715558495998
theater, 234.15715558495998
traffic, 234.15715558495998
scheduling, 234.15715558495998
tiredness, 234.15715558495998
pre-planning, 234.15715558495998
considerably, 234.15715558495998
counterbalances, 234.15715558495998
seems, 234.15715558495998
time-consuming, 234.15715558495998
caters, 234.15715558495998
jogging, 234.15715558495998
courts, 234.15715558495998
basketball, 234.15715558495998
widely, 234.15715558495998
alleviate, 234.15715558495998
embraced, 234.15715558495998
costs, 234.15715558495998
executing, 234.15715558495998
ticket, 234.15715558495998
costly, 234.15715558495998
several, 234.15715558495998
money-consuming, 234.15715558495998
ball, 234.15715558495998
consistently, 234.15715558495998
gymnastics, 234.15715558495998
nothing, 234.15715558495998
recreation, 234.15715558495998
facilitation, 234.15715558495998
threshold, 234.15715558495998
subejcts, 234.15715558495998
things, 234.15715558495998
priest, 234.15715558495998
keeps, 234.15715558495998
kindergarden, 234.15715558495998
knoews, 234.15715558495998
his, 234.15715558495998
teaching, 234.15715558495998
left, 234.15715558495998
grduated, 234.15715558495998
studyed, 234.15715558495998
religion, 234.15715558495998
talks, 234.15715558495998
hobbys, 234.15715558495998
relationships, 234.15715558495998
defferent, 234.15715558495998
interests, 234.15715558495998
only, 234.15715558495998
conversation, 234.15715558495998
boring, 234.15715558495998
interesting, 234.15715558495998
basical, 234.15715558495998
enter, 234.15715558495998
meanings, 234.15715558495998
cheep, 234.15715558495998
perrson, 234.15715558495998
thinkings, 234.15715558495998
discribing, 234.15715558495998
act, 234.15715558495998
affected, 234.15715558495998
persons, 234.15715558495998
belief, 234.15715558495998
examples, 234.15715558495998
danger, 234.15715558495998
japanese, 234.15715558495998
runing, 234.15715558495998
away, 234.15715558495998
attenntion, 234.15715558495998
recieve, 234.15715558495998
psycologyst, 234.15715558495998
proclaimed, 234.15715558495998
prefering, 234.15715558495998
courage, 234.15715558495998
neccesiary, 234.15715558495998
sence, 234.15715558495998
affection, 234.15715558495998
fields, 234.15715558495998
rationale, 234.15715558495998
behind, 234.15715558495998
prove, 234.15715558495998
whether, 234.15715558495998
therir, 234.15715558495998
exact, 234.15715558495998
brothers, 234.15715558495998
semmester, 234.15715558495998
proffesior, 234.15715558495998
homework, 234.15715558495998
afeter, 234.15715558495998
put, 234.15715558495998
off, 234.15715558495998
tring, 234.15715558495998
genarally, 234.15715558495998
proclaim, 234.15715558495998
credit, 234.15715558495998
proved, 234.15715558495998
loose, 234.15715558495998
trusty, 234.15715558495998
advise, 234.15715558495998
cousin, 234.15715558495998
lastry, 234.15715558495998
finding, 234.15715558495998
understanded, 234.15715558495998
siginificant, 234.15715558495998
raraly, 234.15715558495998
communicate, 234.15715558495998
successiful, 234.15715558495998
integrate, 234.15715558495998
learnd, 234.15715558495998
todays, 234.15715558495998
rare, 234.15715558495998
finds, 234.15715558495998
stimulating, 234.15715558495998
employment, 234.15715558495998
requir, 234.15715558495998
skill, 234.15715558495998
well-liked, 234.15715558495998
allows, 234.15715558495998
well-developed, 234.15715558495998
adluts, 234.15715558495998
mean-spirited, 234.15715558495998
momentous, 234.15715558495998
fancy, 234.15715558495998
hotel, 234.15715558495998
party´s, 234.15715558495998
guests, 234.15715558495998
couples, 234.15715558495998
cheered, 234.15715558495998
night, 234.15715558495998
later, 234.15715558495998
became, 234.15715558495998
darker, 234.15715558495998
streets, 234.15715558495998
go, 234.15715558495998
hired, 234.15715558495998
asked, 234.15715558495998
where, 234.15715558495998
lived, 234.15715558495998
patiently, 234.15715558495998
kept, 234.15715558495998
smiled, 234.15715558495998
words…, 234.15715558495998
awoke, 234.15715558495998
sitting, 234.15715558495998
shocked, 234.15715558495998
embarrassed, 234.15715558495998
fiction, 234.15715558495998
liao, 234.15715558495998
yen-luns, 234.15715558495998
passion, 234.15715558495998
intersection, 234.15715558495998
three, 234.15715558495998
elements, 234.15715558495998
rigorous, 234.15715558495998
inferences, 234.15715558495998
considering, 234.15715558495998
consequences, 234.15715558495998
priority, 234.15715558495998
plain, 234.15715558495998
board, 234.15715558495998
brand, 234.15715558495998
potential, 234.15715558495998
national, 234.15715558495998
redirect, 234.15715558495998
logical, 234.15715558495998
suggestions, 234.15715558495998
difficulty, 234.15715558495998
well-planned, 234.15715558495998
statements, 234.15715558495998
successfil, 234.15715558495998
analyzing, 234.15715558495998
control, 234.15715558495998
racio, 234.15715558495998
wining, 234.15715558495998
bank, 234.15715558495998
foreign, 234.15715558495998
exchange, 234.15715558495998
trader, 234.15715558495998
scale, 234.15715558495998
timing, 234.15715558495998
analyze, 234.15715558495998
charts, 234.15715558495998
checking, 234.15715558495998
researching, 234.15715558495998
market, 234.15715558495998
unpredictable, 234.15715558495998
apply, 234.15715558495998
occers, 234.15715558495998
sometime, 234.15715558495998
might, 234.15715558495998
survive, 234.15715558495998
risky, 234.15715558495998
tennis, 234.15715558495998
match, 234.15715558495998
style, 234.15715558495998
serve, 234.15715558495998
miss, 234.15715558495998
thats, 234.15715558495998
succeed, 234.15715558495998
anything, 234.15715558495998
seen, 234.15715558495998
traveling, 234.15715558495998
realize, 234.15715558495998
ourselies, 234.15715558495998
appeared, 234.15715558495998
gone, 234.15715558495998
six, 234.15715558495998
insterting, 234.15715558495998
housework, 234.15715558495998
household, 234.15715558495998
parents, 234.15715558495998
domestic, 234.15715558495998
cleaning, 234.15715558495998
distributing, 234.15715558495998
actually, 234.15715558495998
responsible, 234.15715558495998
always, 234.15715558495998
resist, 234.15715558495998
engaging, 234.15715558495998
scarifies, 234.15715558495998
partners, 234.15715558495998
exhausts, 234.15715558495998
perfunctory, 234.15715558495998
uninterested, 234.15715558495998
observed, 234.15715558495998
kid, 234.15715558495998
assisting, 234.15715558495998
chores, 234.15715558495998
reluctance, 234.15715558495998
release, 234.15715558495998
delivering, 234.15715558495998
lowest, 234.15715558495998
level, 234.15715558495998
competence, 234.15715558495998
fulfill, 234.15715558495998
standard, 234.15715558495998
repeat, 234.15715558495998
done, 234.15715558495998
effort, 234.15715558495998
complement, 234.15715558495998
imposed, 234.15715558495998
involve, 234.15715558495998
news, 234.15715558495998
hurt, 234.15715558495998
kitchen, 234.15715558495998
bathroom, 234.15715558495998
terminated, 234.15715558495998
absent, 234.15715558495998
accident, 234.15715558495998
condition, 234.15715558495998
dangerous, 234.15715558495998
incompetence, 234.15715558495998
engage, 234.15715558495998
almost, 234.15715558495998
advertisments, 234.15715558495998
advertisment, 234.15715558495998
singers, 234.15715558495998
artists, 234.15715558495998
therefore, 234.15715558495998
opinon, 234.15715558495998
ask, 234.15715558495998
famoues, 234.15715558495998
player, 234.15715558495998
singer, 234.15715558495998
restrunt, 234.15715558495998
decison, 234.15715558495998
untill, 234.15715558495998
aout, 234.15715558495998
observatio, 234.15715558495998
nowadays, 234.15715558495998
grade, 234.15715558495998
well-known, 234.15715558495998
comunicating, 234.15715558495998
hestate, 234.15715558495998
meet, 234.15715558495998
occures, 234.15715558495998
neibour, 234.15715558495998
community, 234.15715558495998
visiting, 234.15715558495998
house, 234.15715558495998
eldery, 234.15715558495998
intrested, 234.15715558495998
join, 234.15715558495998
exam, 234.15715558495998
adult, 234.15715558495998
encourage, 234.15715558495998
harmony, 234.15715558495998
sound, 234.15715558495998
increasingly, 234.15715558495998
necessitating, 234.15715558495998
achieve, 234.15715558495998
government, 234.15715558495998
stages, 234.15715558495998
preserving, 234.15715558495998
nature, 234.15715558495998
preserve, 234.15715558495998
enforce, 234.15715558495998
law, 234.15715558495998
air, 234.15715558495998
among, 234.15715558495998
effective, 234.15715558495998
viable, 234.15715558495998
solar, 234.15715558495998
tide, 234.15715558495998
wind, 234.15715558495998
limit, 234.15715558495998
remain, 234.15715558495998
unfeasible, 234.15715558495998
necessary, 234.15715558495998
inevitably, 234.15715558495998
restrict, 234.15715558495998
military, 234.15715558495998
investment, 234.15715558495998
struggles, 234.15715558495998
funding, 234.15715558495998
factors, 234.15715558495998
climate, 234.15715558495998
dramatically, 234.15715558495998
unstable, 234.15715558495998
seasons, 234.15715558495998
days, 234.15715558495998
maximum, 234.15715558495998
green, 234.15715558495998
fossil, 234.15715558495998
utilized, 234.15715558495998
enforcing, 234.15715558495998
laws, 234.15715558495998
circumstance, 234.15715558495998
strict, 234.15715558495998
aiming, 234.15715558495998
recycling, 234.15715558495998
ensuing, 234.15715558495998
cuts, 234.15715558495998
down, 234.15715558495998
unwilling, 234.15715558495998
adopt, 234.15715558495998
illicit, 234.15715558495998
eluding, 234.15715558495998
ecological, 234.15715558495998
abroad, 234.15715558495998
suffers, 234.15715558495998
preservation, 234.15715558495998
protection, 234.15715558495998
native, 234.15715558495998
animals, 234.15715558495998
policy, 234.15715558495998
by-product, 234.15715558495998
extinction, 234.15715558495998
urgency, 234.15715558495998
species, 234.15715558495998
alive, 234.15715558495998
sustainable, 234.15715558495998
places, 234.15715558495998
forests, 234.15715558495998
time-limited, 234.15715558495998
implemented, 234.15715558495998
sentence, 234.15715558495998
active, 234.15715558495998
alot, 234.15715558495998
listening, 234.15715558495998
dancing, 234.15715558495998
singing, 234.15715558495998
song, 234.15715558495998
cinema, 234.15715558495998
aloneto, 234.15715558495998
communite, 234.15715558495998
condations, 234.15715558495998
contrasting, 234.15715558495998
powerfull, 234.15715558495998
instance, 234.15715558495998
envoiremental, 234.15715558495998
poisionus, 234.15715558495998
starvy, 234.15715558495998
enjoible, 234.15715558495998
twice, 234.15715558495998
mension, 234.15715558495998
lessons, 234.15715558495998
travellng, 234.15715558495998
resarching, 234.15715558495998
observing, 234.15715558495998
romantic, 234.15715558495998
conculision, 234.15715558495998
entertaining, 234.15715558495998
peacefull, 234.15715558495998
arent, 234.15715558495998
totaly, 234.15715558495998
guilty, 234.15715558495998
actions, 234.15715558495998
born, 234.15715558495998
contest, 234.15715558495998
frieds, 234.15715558495998
personality, 234.15715558495998
gift, 234.15715558495998
coach, 234.15715558495998
deeply, 234.15715558495998
everybody, 234.15715558495998
intersting, 234.15715558495998
iam, 234.15715558495998
theme, 234.15715558495998
call, 234.15715558495998
center, 234.15715558495998
thei, 234.15715558495998
possibility, 234.15715558495998
explain, 234.15715558495998
ist, 234.15715558495998
dressed, 234.15715558495998
friend´s, 234.15715558495998
weding, 234.15715558495998
arrived, 234.15715558495998
across, 234.15715558495998
classmate, 234.15715558495998
hadn´t, 234.15715558495998
connected, 234.15715558495998
graduated, 234.15715558495998
wanted, 234.15715558495998
war, 234.15715558495998
glazed, 234.15715558495998
raised, 234.15715558495998
asleep, 234.15715558495998
sat, 234.15715558495998
terrible, 234.15715558495998
altough, 234.15715558495998
educators, 234.15715558495998
beleiving, 234.15715558495998
according, 234.15715558495998
emotional, 234.15715558495998
subjective, 234.15715558495998
evolve, 234.15715558495998
confidence, 234.15715558495998
rapid, 234.15715558495998
technological, 234.15715558495998
changes, 234.15715558495998
accordin, 234.15715558495998
scientist, 234.15715558495998
published, 234.15715558495998
mounts, 234.15715558495998
65, 234.15715558495998
cocequence, 234.15715558495998
indicated, 234.15715558495998
self-confidence, 234.15715558495998
succesful, 234.15715558495998
texture, 234.15715558495998
producing, 234.15715558495998
comparing, 234.15715558495998
througout, 234.15715558495998
ralationship, 234.15715558495998
teachers, 234.15715558495998
coworkers, 234.15715558495998
mentioned, 234.15715558495998
invastigater, 234.15715558495998
judgment, 234.15715558495998
enthusiasm, 234.15715558495998
political, 234.15715558495998
listless, 234.15715558495998
criticism, 234.15715558495998
motivational, 234.15715558495998
politics, 234.15715558495998
democracy, 234.15715558495998
centuries, 234.15715558495998
lord, 234.15715558495998
king, 234.15715558495998
scare, 234.15715558495998
horror, 234.15715558495998
punished, 234.15715558495998
improper, 234.15715558495998
speech, 234.15715558495998
overwhelm, 234.15715558495998
perform, 234.15715558495998
peculiarity, 234.15715558495998
fear, 234.15715558495998
raises, 234.15715558495998
growing, 234.15715558495998
participate, 234.15715558495998
discussing, 234.15715558495998
enhance, 234.15715558495998
willingness, 234.15715558495998
widespread, 234.15715558495998
decisions, 234.15715558495998
immediately, 234.15715558495998
message, 234.15715558495998
subjected, 234.15715558495998
first-hand, 234.15715558495998
aboard, 234.15715558495998
accumulated, 234.15715558495998
reactions, 234.15715558495998
forum, 234.15715558495998
distance, 234.15715558495998
clicks, 234.15715558495998
mouse, 234.15715558495998
participation, 234.15715558495998
prevalent, 234.15715558495998
history, 234.15715558495998
consequence, 234.15715558495998
fault, 234.15715558495998
predictable, 234.15715558495998
historical, 234.15715558495998
dilemma, 234.15715558495998
volunteer, 234.15715558495998
cardinal, 234.15715558495998
attendance, 234.15715558495998
protestation, 234.15715558495998
strike, 234.15715558495998
threatening, 234.15715558495998
bill, 234.15715558495998
passed, 234.15715558495998
catch, 234.15715558495998
initiative, 234.15715558495998
pop, 234.15715558495998
requirements, 234.15715558495998
election, 234.15715558495998
hundreds, 234.15715558495998
channel, 234.15715558495998
picture, 234.15715558495998
wasting, 234.15715558495998
influencing, 234.15715558495998
accusation, 234.15715558495998
pros, 234.15715558495998
cons, 234.15715558495998
induce, 234.15715558495998
due, 234.15715558495998
thousands, 234.15715558495998
favorite, 234.15715558495998
teams, 234.15715558495998
athletes, 234.15715558495998
encouraged, 234.15715558495998
benign, 234.15715558495998
effects, 234.15715558495998
addicting, 234.15715558495998
socialization, 234.15715558495998
indeed, 234.15715558495998
addiction, 234.15715558495998
impede, 234.15715558495998
ice, 234.15715558495998
start, 234.15715558495998
mutual, 234.15715558495998
enthusiastically, 234.15715558495998
fighting, 234.15715558495998
habits, 234.15715558495998
visible, 234.15715558495998
enterprises, 234.15715558495998
bars, 234.15715558495998
thesis, 234.15715558495998
combined, 234.15715558495998
worker, 234.15715558495998
influenced, 234.15715558495998
loss, 234.15715558495998
arbitrary, 234.15715558495998
abysmal, 234.15715558495998
broadcasted, 234.15715558495998
allowed, 234.15715558495998
oblivion, 234.15715558495998
despite, 234.15715558495998
supporting, 234.15715558495998
outweigh, 234.15715558495998
millions, 234.15715558495998
possibilities, 234.15715558495998
drive, 234.15715558495998
explore, 234.15715558495998
brand-new, 234.15715558495998
unfurled, 234.15715558495998
speaker, 234.15715558495998
exciting, 234.15715558495998
motivated, 234.15715558495998
revealing, 234.15715558495998
owned, 234.15715558495998
proud, 234.15715558495998
dedicating, 234.15715558495998
trend, 234.15715558495998
blindly, 234.15715558495998
drift, 234.15715558495998
offered, 234.15715558495998
steadily, 234.15715558495998
ages, 234.15715558495998
asserting, 234.15715558495998
computers, 234.15715558495998
defeat, 234.15715558495998
top, 234.15715558495998
nonsense, 234.15715558495998
reached, 234.15715558495998
accomplishments, 234.15715558495998
rates, 234.15715558495998
recognition, 234.15715558495998
improvements, 234.15715558495998
thoroughly, 234.15715558495998
reform, 234.15715558495998
recognizing, 234.15715558495998
abilities, 234.15715558495998
involving, 234.15715558495998
revolution, 234.15715558495998
courses, 234.15715558495998
realms, 234.15715558495998
domains, 234.15715558495998
separately, 234.15715558495998
tandem, 234.15715558495998
digital, 234.15715558495998
signal, 234.15715558495998
processing, 234.15715558495998
security, 234.15715558495998
artificial, 234.15715558495998
intelligence, 234.15715558495998
itinerate, 234.15715558495998
region, 234.15715558495998
sought, 234.15715558495998
opportunities, 234.15715558495998
undergraduate, 234.15715558495998
career, 234.15715558495998
freshman, 234.15715558495998
introduced, 234.15715558495998
mathematic, 234.15715558495998
embryonic, 234.15715558495998
callowness, 234.15715558495998
curiosity, 234.15715558495998
prompted, 234.15715558495998
advanced, 234.15715558495998
fundamentals, 234.15715558495998
professor, 234.15715558495998
lc, 234.15715558495998
lee, 234.15715558495998
steady, 234.15715558495998
operation, 234.15715558495998
current, 234.15715558495998
qa, 234.15715558495998
latent, 234.15715558495998
analysis, 234.15715558495998
built, 234.15715558495998
aimed, 234.15715558495998
aiding, 234.15715558495998
misspelling, 234.15715558495998
taiwanese, 234.15715558495998
modified, 234.15715558495998
articulate, 234.15715558495998
anchors, 234.15715558495998
utterance, 234.15715558495998
speak, 234.15715558495998
ignoring, 234.15715558495998
original, 234.15715558495998
pronouncement, 234.15715558495998
phonemes, 234.15715558495998
compensate, 234.15715558495998
detected, 234.15715558495998
unclear, 234.15715558495998
spelling, 234.15715558495998
errors, 234.15715558495998
viterbi, 234.15715558495998
applied, 234.15715558495998
vocabulary, 234.15715558495998
replace, 234.15715558495998
ambiguous, 234.15715558495998
revise, 234.15715558495998
99, 234.15715558495998
equivocal, 234.15715558495998
spells, 234.15715558495998
reasonable, 234.15715558495998
matches, 234.15715558495998
further, 234.15715558495998
tutored, 234.15715558495998
chu-song, 234.15715558495998
chen, 234.15715558495998
classify, 234.15715558495998
sounds, 234.15715558495998
cannily, 234.15715558495998
calculate, 234.15715558495998
model, 234.15715558495998
size, 234.15715558495998
training, 234.15715558495998
prementioned, 234.15715558495998
laboratory, 234.15715558495998
js, 234.15715558495998
jang, 234.15715558495998
selected, 234.15715558495998
diarization, 234.15715558495998
attempt, 234.15715558495998
numerous, 234.15715558495998
experiments, 234.15715558495998
worked, 234.15715558495998
allocate, 234.15715558495998
trial, 234.15715558495998
resulted, 234.15715558495998
prospective, 234.15715558495998
answer, 234.15715558495998
recognized, 234.15715558495998
importance, 234.15715558495998
failure, 234.15715558495998
re-design, 234.15715558495998
ameliorating, 234.15715558495998
unsuccess, 234.15715558495998
solutions, 234.15715558495998
insisting, 234.15715558495998
mcff, 234.15715558495998
dimensions, 234.15715558495998
k-means, 234.15715558495998
clustering, 234.15715558495998
reaches, 234.15715558495998
85, 234.15715558495998
accuracy, 234.15715558495998
tested, 234.15715558495998
forward, 234.15715558495998
extending, 234.15715558495998
coordinating, 234.15715558495998
semester, 234.15715558495998
cyberon, 234.15715558495998
corporation, 234.15715558495998
summer, 234.15715558495998
company, 234.15715558495998
dedicated, 234.15715558495998
providing, 234.15715558495998
embedded, 234.15715558495998
tts, 234.15715558495998
responsibilities, 234.15715558495998
end-to-end, 234.15715558495998
google, 234.15715558495998
translation-like, 234.15715558495998
frustrated, 234.15715558495998
initially, 234.15715558495998
simplify, 234.15715558495998
tough, 234.15715558495998
dividing, 234.15715558495998
smaller, 234.15715558495998
gradually, 234.15715558495998
crystallizing, 234.15715558495998
parts, 234.15715558495998
thousand, 234.15715558495998
sentences, 234.15715558495998
dataset, 234.15715558495998
complete, 234.15715558495998
included, 234.15715558495998
cutting, 234.15715558495998
predicting, 234.15715558495998
frame, 234.15715558495998
establishing, 234.15715558495998
models, 234.15715558495998
fitting, 234.15715558495998
spectrogram, 234.15715558495998
recovering, 234.15715558495998
helped, 234.15715558495998
construct, 234.15715558495998
prediction, 234.15715558495998
recovery, 234.15715558495998
human-like, 234.15715558495998
voices, 234.15715558495998
protended, 234.15715558495998
capturing, 234.15715558495998
crucial, 234.15715558495998
features, 234.15715558495998
trifling, 234.15715558495998
discrepancies, 234.15715558495998
milliseconds, 234.15715558495998
armed, 234.15715558495998
insignificant, 234.15715558495998
components, 234.15715558495998
yield, 234.15715558495998
dramatic, 234.15715558495998
final, 234.15715558495998
presentation, 234.15715558495998
hard-to-achieved, 234.15715558495998
missions, 234.15715558495998
transformed, 234.15715558495998
precious, 234.15715558495998
achievement, 234.15715558495998
thrilled, 234.15715558495998
touching, 234.15715558495998
diversity, 234.15715558495998
ais3, 234.15715558495998
latest, 234.15715558495998
experimental, 234.15715558495998
flag, 234.15715558495998
ctf, 234.15715558495998
pre-exam, 234.15715558495998
filter, 234.15715558495998
attenders, 234.15715558495998
ensure, 234.15715558495998
capable, 234.15715558495998
week, 234.15715558495998
intense, 234.15715558495998
arranged, 234.15715558495998
elementary, 234.15715558495998
subsequent, 234.15715558495998
ameliorated, 234.15715558495998
visualization, 234.15715558495998
log, 234.15715558495998
built-in, 234.15715558495998
program, 234.15715558495998
programs, 234.15715558495998
operating, 234.15715558495998
whenever, 234.15715558495998
infected, 234.15715558495998
trace, 234.15715558495998
path, 234.15715558495998
virus, 234.15715558495998
budding, 234.15715558495998
won, 234.15715558495998
prize, 234.15715558495998
forensics, 234.15715558495998
extirpating, 234.15715558495998
emphasizing, 234.15715558495998
abnormal, 234.15715558495998
document, 234.15715558495998
forensic, 234.15715558495998
investigators, 234.15715558495998
browsing, 234.15715558495998
irrelevant, 234.15715558495998
highlighted, 234.15715558495998
aspect, 234.15715558495998
usability, 234.15715558495998
applications, 234.15715558495998
user-friendly, 234.15715558495998
analysts, 234.15715558495998
needle, 234.15715558495998
haystack, 234.15715558495998
correctness, 234.15715558495998
imagining, 234.15715558495998
users, 234.15715558495998
interface, 234.15715558495998
audio, 234.15715558495998
adversarial, 234.15715558495998
targeted, 234.15715558495998
attacks, 234.15715558495998
speech-to-text, 234.15715558495998
nicholas, 234.15715558495998
carlini, 234.15715558495998
david, 234.15715558495998
wagner, 234.15715558495998
attack, 234.15715558495998
noise, 234.15715558495998
injection, 234.15715558495998
whitebox, 234.15715558495998
recognization, 234.15715558495998
owning, 234.15715558495998
cross-domain, 234.15715558495998
expand, 234.15715558495998
graduate, 234.15715558495998
exposing, 234.15715558495998
congestion, 234.15715558495998
emerging, 234.15715558495998
vehicle, 234.15715558495998
uci, 234.15715558495998
present, 234.15715558495998
adversaries, 234.15715558495998
broadened, 234.15715558495998
provably, 234.15715558495998
secure, 234.15715558495998
coalition-resistant, 234.15715558495998
signature, 234.15715558495998
scheme, 234.15715558495998
written, 234.15715558495998
processer, 234.15715558495998
g, 234.15715558495998
tsudik, 234.15715558495998
discusses, 234.15715558495998
cryptography-oriented, 234.15715558495998
demonstrates, 234.15715558495998
professors, 234.15715558495998
under, 234.15715558495998
instruction, 234.15715558495998
expertise, 234.15715558495998
overlap, 234.15715558495998
previously, 234.15715558495998
combining, 234.15715558495998
regions, 234.15715558495998
insisted, 234.15715558495998
wide, 234.15715558495998
proves, 234.15715558495998
mobility, 234.15715558495998
adaptability, 234.15715558495998
confront, 234.15715558495998
challenges, 234.15715558495998
captivating, 234.15715558495998
inspired, 234.15715558495998
symbolizes, 234.15715558495998
all-encompassing, 234.15715558495998
ntu, 234.15715558495998
interned, 234.15715558495998
season, 234.15715558495998
affinities, 234.15715558495998
chooses, 234.15715558495998
endeavor, 234.15715558495998
alreatdy, 234.15715558495998
dr, 234.15715558495998
gong, 234.15715558495998
processor, 234.15715558495998
korea, 234.15715558495998
section, 234.15715558495998
competitions, 234.15715558495998
nobody, 234.15715558495998
unusal, 234.15715558495998
bulb, 234.15715558495998
connecting, 234.15715558495998
internet, 234.15715558495998
lets, 234.15715558495998
math, 234.15715558495998
supposed, 234.15715558495998
choise, 234.15715558495998
someone, 234.15715558495998
re, 234.15715558495998
differents, 234.15715558495998
15, 234.15715558495998
culb, 234.15715558495998
restrition, 234.15715558495998
inportant, 234.15715558495998
fathers, 234.15715558495998
responsability, 234.15715558495998
allways, 234.15715558495998
whatever, 234.15715558495998
worry, 234.15715558495998
yourself, 234.15715558495998
importan, 234.15715558495998
bay, 234.15715558495998
conclution, 234.15715558495998
until, 234.15715558495998
carefully, 234.15715558495998
websites, 234.15715558495998
collected, 234.15715558495998
relative, 234.15715558495998
reference, 234.15715558495998
hoping, 234.15715558495998
electronic, 234.15715558495998
engineering, 234.15715558495998
approaching, 234.15715558495998
enclosed, 234.15715558495998
transcript, 234.15715558495998
strong, 234.15715558495998
base, 234.15715558495998
subjects, 234.15715558495998
built-up, 234.15715558495998
neil, 234.15715558495998
alden, 234.15715558495998
armstrong, 234.15715558495998
1969, 234.15715558495998
giant, 234.15715558495998
leap, 234.15715558495998
mankind, 234.15715558495998
negligible, 234.15715558495998
undergraduates, 234.15715558495998
contribution, 234.15715558495998
discovery, 234.15715558495998
universe, 234.15715558495998
simulating, 234.15715558495998
assist, 234.15715558495998
real-world, 234.15715558495998
measurement, 234.15715558495998
universal, 234.15715558495998
proposal, 234.15715558495998
far, 234.15715558495998
unachievable, 234.15715558495998
amalgam, 234.15715558495998
postdoc, 234.15715558495998
reply, 234.15715558495998
it´s, 234.15715558495998
author, 234.15715558495998
described, 234.15715558495998
spectacular, 234.15715558495998
can´t, 234.15715558495998
fail, 234.15715558495998
personally, 234.15715558495998
confusion, 234.15715558495998
extend, 234.15715558495998
lesson, 234.15715558495998
mainland, 234.15715558495998
china, 234.15715558495998
paid, 234.15715558495998
westlake, 234.15715558495998
scenery, 234.15715558495998
breathtaking, 234.15715558495998
liked, 234.15715558495998
lake, 234.15715558495998
ran, 234.15715558495998
aroud, 234.15715558495998
astonishing, 234.15715558495998
suddenly, 234.15715558495998
throw, 234.15715558495998
gabage, 234.15715558495998
broke, 234.15715558495998
impression, 234.15715558495998
maybe, 234.15715558495998
ameliorate, 234.15715558495998
countermeasures, 234.15715558495998
response, 234.15715558495998
replacing, 234.15715558495998
biking, 234.15715558495998
consuming, 234.15715558495998
reusing, 234.15715558495998
wastes, 234.15715558495998
efficiency, 234.15715558495998
regard, 234.15715558495998
worthy, 234.15715558495998
auspicious, 234.15715558495998
environmental, 234.15715558495998
relying, 234.15715558495998
bicycling, 234.15715558495998
long-distance, 234.15715558495998
setting, 234.15715558495998
shortage, 234.15715558495998
supplement, 234.15715558495998
plastic, 234.15715558495998
labor, 234.15715558495998
boasts, 234.15715558495998
declining, 234.15715558495998
cut, 234.15715558495998
generating, 234.15715558495998
repeatedly, 234.15715558495998
re-generated, 234.15715558495998
promoted, 234.15715558495998
substitute, 234.15715558495998
unavoidably, 234.15715558495998
wasted, 234.15715558495998
serious, 234.15715558495998
evaluation, 234.15715558495998
nutrient, 234.15715558495998
abandoning, 234.15715558495998
ingests, 234.15715558495998
convert, 234.15715558495998
flyers, 234.15715558495998
trash, 234.15715558495998
boxes, 234.15715558495998
broken, 234.15715558495998
toothbrush, 234.15715558495998
receiving, 234.15715558495998
prompt, 234.15715558495998
fulfillment, 234.15715558495998
heaping, 234.15715558495998
stress, 234.15715558495998
sample, 234.15715558495998
designing, 234.15715558495998
excepted, 234.15715558495998
eliminating, 234.15715558495998
transportation, 234.15715558495998
encourages, 234.15715558495998
ingestion, 234.15715558495998
confines, 234.15715558495998
growth, 234.15715558495998
producers, 234.15715558495998
departments, 234.15715558495998
technologic, 234.15715558495998
enormous, 234.15715558495998
combines, 234.15715558495998
protesting, 234.15715558495998
animating, 234.15715558495998
obvious, 234.15715558495998
wastes-greater, 234.15715558495998
development-this, 234.15715558495998
ideal, 234.15715558495998
strategy, 234.15715558495998
improve, 234.15715558495998
twenty, 234.15715558495998
wont, 234.15715558495998
ahead, 234.15715558495998
whose, 234.15715558495998
quantities, 234.15715558495998
planet, 234.15715558495998
endless, 234.15715558495998
harder, 234.15715558495998
expensive, 234.15715558495998
extract, 234.15715558495998
prices, 234.15715558495998
associated, 234.15715558495998
afford, 234.15715558495998
unless, 234.15715558495998
sources, 234.15715558495998
efficient, 234.15715558495998
turns, 234.15715558495998
luxury, 234.15715558495998
gasoline, 234.15715558495998
pollute, 234.15715558495998
mankinds, 234.15715558495998
survival, 234.15715558495998
sensible, 234.15715558495998
wise, 234.15715558495998
preventing, 234.15715558495998
dying, 234.15715558495998
asthma, 234.15715558495998
expenses, 234.15715558495998
roommate, 234.15715558495998
referring, 234.15715558495998
stands, 234.15715558495998
decreasing, 234.15715558495998
demand, 234.15715558495998
mobilephone, 234.15715558495998
expectancy, 234.15715558495998
relatively, 234.15715558495998
necessities, 234.15715558495998
grocery, 234.15715558495998
cheaper, 234.15715558495998
cook, 234.15715558495998
lower, 234.15715558495998
avails, 234.15715558495998
preparing, 234.15715558495998
price, 234.15715558495998
equally, 234.15715558495998
tenant, 234.15715558495998
fire, 234.15715558495998
resident, 234.15715558495998
cooking, 234.15715558495998
failing, 234.15715558495998
payment, 234.15715558495998
funds, 234.15715558495998
contract, 234.15715558495998
greatly, 234.15715558495998
builds, 234.15715558495998
reliability, 234.15715558495998
cures, 234.15715558495998
constant, 234.15715558495998
stable, 234.15715558495998
overrides, 234.15715558495998
confining, 234.15715558495998
interpersonal, 234.15715558495998
spite, 234.15715558495998
provides, 234.15715558495998
sweet, 234.15715558495998
sour, 234.15715558495998
confronting, 234.15715558495998
trouble, 234.15715558495998
discuss, 234.15715558495998
ponder, 234.15715558495998
alleviates, 234.15715558495998
gives, 234.15715558495998
mentally, 234.15715558495998
submit, 234.15715558495998
wse, 234.15715558495998
pursuing, 234.15715558495998
intern, 234.15715558495998
enrich, 234.15715558495998
fill, 234.15715558495998
gap, 234.15715558495998
attracted, 234.15715558495998
easy-coding, 234.15715558495998
python, 234.15715558495998
equipped, 234.15715558495998
instructions, 234.15715558495998
currently, 234.15715558495998
weapon, 234.15715558495998
assignments, 234.15715558495998
projects, 234.15715558495998
communication, 234.15715558495998
handle, 234.15715558495998
file, 234.15715558495998
embedding, 234.15715558495998
shell, 234.15715558495998
script, 234.15715558495998
facilitate, 234.15715558495998
accompanying, 234.15715558495998
qualify, 234.15715558495998
engineer, 234.15715558495998
motivation, 234.15715558495998
absolutely, 234.15715558495998
pursuit, 234.15715558495998
website, 234.15715558495998
prospect, 234.15715558495998
micro, 234.15715558495998
valuable, 234.15715558495998
asset, 234.15715558495998
letter, 234.15715558495998
contacting, 234.15715558495998
infact, 234.15715558495998
essencial, 234.15715558495998
beside, 234.15715558495998
experiance, 234.15715558495998
becouse, 234.15715558495998
criminology, 234.15715558495998
happen, 234.15715558495998
principle, 234.15715558495998
cause, 234.15715558495998
type, 234.15715558495998
behaviour, 234.15715558495998
faculty, 234.15715558495998
scientific, 234.15715558495998
linked, 234.15715558495998
alwase, 234.15715558495998
beacause, 234.15715558495998
woud, 234.15715558495998
wife, 234.15715558495998
god, 234.15715558495998
sex, 234.15715558495998
her, 234.15715558495998
intresting, 234.15715558495998
sleep, 234.15715558495998
bee, 234.15715558495998
howse, 234.15715558495998
travels, 234.15715558495998
apportunity, 234.15715558495998
leader, 234.15715558495998
usfull, 234.15715558495998
maby, 234.15715558495998
fond, 234.15715558495998
friends, 234.15715558495998
etc, 234.15715558495998
unfortunatly, 234.15715558495998
coutry, 234.15715558495998
mony, 234.15715558495998
bread, 234.15715558495998
som, 234.15715558495998
com, 234.15715558495998
land, 234.15715558495998
wishes, 234.15715558495998
sicerely, 234.15715558495998
mokhtar, 234.15715558495998
motamedin, 234.15715558495998
friends´, 234.15715558495998
weeding, 234.15715558495998
black, 234.15715558495998
married, 234.15715558495998
head, 234.15715558495998
dazzling, 234.15715558495998
feet, 234.15715558495998
heavy, 234.15715558495998
walk, 234.15715558495998
waving, 234.15715558495998
though, 234.15715558495998
sparking, 234.15715558495998
light, 234.15715558495998
address, 234.15715558495998
uncomfortable, 234.15715558495998
limbs, 234.15715558495998
awake, 234.15715558495998
stood, 234.15715558495998
bedroom, 234.15715558495998
policeman, 234.15715558495998
pointed, 234.15715558495998
outside, 234.15715558495998
held, 234.15715558495998
beautiful, 234.15715558495998
high-class, 234.15715558495998
homeless, 234.15715558495998
named, 234.15715558495998
paul, 234.15715558495998
starving, 234.15715558495998
loud, 234.15715558495998
smelling, 234.15715558495998
full, 234.15715558495998
happiness, 234.15715558495998
grace, 234.15715558495998
putting, 234.15715558495998
mouth, 234.15715558495998
eating, 234.15715558495998
bottle, 234.15715558495998
1989´s, 234.15715558495998
wiskey…, 234.15715558495998
seemed, 234.15715558495998
desired, 234.15715558495998
alcohol, 234.15715558495998
once, 234.15715558495998
that´s, 234.15715558495998
drink, 234.15715558495998
pakage, 234.15715558495998
anger, 234.15715558495998
hell, 234.15715558495998
you´re, 234.15715558495998
cried, 234.15715558495998
threw, 234.15715558495998
fix, 234.15715558495998
mass, 234.15715558495998
stopped, 234.15715558495998
ten, 234.15715558495998
minutes, 234.15715558495998
don´t, 234.15715558495998
marking, 234.15715558495998
caused, 234.15715558495998
having, 234.15715558495998
questions, 234.15715558495998
dissepear, 234.15715558495998
hot, 234.15715558495998
love, 234.15715558495998
manu, 234.15715558495998
hold, 234.15715558495998
respective, 234.15715558495998
angles, 234.15715558495998
belong, 234.15715558495998
teo, 234.15715558495998
contact, 234.15715558495998
met, 234.15715558495998
rely, 234.15715558495998
tradition, 234.15715558495998
overcome, 234.15715558495998
proble, 234.15715558495998
face, 234.15715558495998
mon, 234.15715558495998
pick, 234.15715558495998
back, 234.15715558495998
grandmother, 234.15715558495998
sick, 234.15715558495998
hosiptal, 234.15715558495998
mobile, 234.15715558495998
conatct, 234.15715558495998
nevous, 234.15715558495998
mean, 234.15715558495998
library, 234.15715558495998
brave, 234.15715558495998
sucess, 234.15715558495998
complish, 234.15715558495998
gernery, 234.15715558495998
means, 234.15715558495998
measn, 234.15715558495998
advantures, 234.15715558495998
easier, 234.15715558495998
whethere, 234.15715558495998
selling, 234.15715558495998
majour, 234.15715558495998
poduct, 234.15715558495998
figure, 234.15715558495998
box, 234.15715558495998
beautifull, 234.15715558495998
open, 234.15715558495998
pruduct, 234.15715558495998
moved, 234.15715558495998
spok, 234.15715558495998
color, 234.15715558495998
static, 234.15715558495998
four, 234.15715558495998
five, 234.15715558495998
unsing, 234.15715558495998
looks, 234.15715558495998
respect, 234.15715558495998
advertisemets, 234.15715558495998
bankrupt, 234.15715558495998
rich, 234.15715558495998
moderate, 234.15715558495998
wealth, 234.15715558495998
income, 234.15715558495998
bankruptcy, 234.15715558495998
worth, 234.15715558495998
received, 234.15715558495998
decide, 234.15715558495998
impart, 234.15715558495998
familiarity, 234.15715558495998
payments, 234.15715558495998
supported, 234.15715558495998
teenager, 234.15715558495998
teenagers, 234.15715558495998
possess, 234.15715558495998
stronger, 234.15715558495998
management, 234.15715558495998
meaningful, 234.15715558495998
naive, 234.15715558495998
imagine, 234.15715558495998
managing, 234.15715558495998
over-emphasize, 234.15715558495998
candies, 234.15715558495998
toys, 234.15715558495998
affordable, 234.15715558495998
cash, 234.15715558495998
special, 234.15715558495998
greedy, 234.15715558495998
derivative, 234.15715558495998
manage, 234.15715558495998
piggy, 234.15715558495998
judge, 234.15715558495998
rational, 234.15715558495998
dependence, 234.15715558495998
construction, 234.15715558495998
unreasonable, 234.15715558495998
totally, 234.15715558495998
ornate, 234.15715558495998
magazines, 234.15715558495998
consummer, 234.15715558495998
bright, 234.15715558495998
side, 234.15715558495998
ads, 234.15715558495998
drawback, 234.15715558495998
perfect, 234.15715558495998
biggest, 234.15715558495998
cell, 234.15715558495998
realized, 234.15715558495998
bet, 234.15715558495998
sense, 234.15715558495998
fight, 234.15715558495998
conquest, 234.15715558495998
bit, 234.15715558495998
knows, 234.15715558495998
opposite, 234.15715558495998
dreams, 234.15715558495998
industrialized, 234.15715558495998
doenst, 234.15715558495998
clothing, 234.15715558495998
anachronistic, 234.15715558495998
impedes, 234.15715558495998
performing, 234.15715558495998
personal, 234.15715558495998
creation, 234.15715558495998
worries, 234.15715558495998
boon, 234.15715558495998
bane, 234.15715558495998
accrue, 234.15715558495998
concentration, 234.15715558495998
choice, 234.15715558495998
schools, 234.15715558495998
clothes, 234.15715558495998
prevent, 234.15715558495998
impressing, 234.15715558495998
taste, 234.15715558495998
accumulates, 234.15715558495998
rule, 234.15715558495998
unnecessary, 234.15715558495998
workers, 234.15715558495998
eliminated, 234.15715558495998
cloth, 234.15715558495998
fellows, 234.15715558495998
co-workers, 234.15715558495998
whats, 234.15715558495998
elegant, 234.15715558495998
polished, 234.15715558495998
spotlight, 234.15715558495998
envy, 234.15715558495998
increases, 234.15715558495998
wearing, 234.15715558495998
public, 234.15715558495998
acclaim, 234.15715558495998
enacted, 234.15715558495998
regulated, 234.15715558495998
purchase, 234.15715558495998
brought, 234.15715558495998
creative, 234.15715558495998
shirts, 234.15715558495998
express, 234.15715558495998
teamwork, 234.15715558495998
symbol, 234.15715558495998
publish, 234.15715558495998
anniversary, 234.15715558495998
allowable, 234.15715558495998
performs, 234.15715558495998
expresses, 234.15715558495998
unity, 234.15715558495998
enacting, 234.15715558495998
advantageous, 234.15715558495998
emphasizes, 234.15715558495998
creates, 234.15715558495998
grandiose, 234.15715558495998
lures, 234.15715558495998
immeasurable, 234.15715558495998
attract, 234.15715558495998
larger, 234.15715558495998
illustration, 234.15715558495998
attraction, 234.15715558495998
compared, 234.15715558495998
affinity, 234.15715558495998
counterproductive, 234.15715558495998
shoppers, 234.15715558495998
discover, 234.15715558495998
dishonest, 234.15715558495998
functions, 234.15715558495998
tendency, 234.15715558495998
honest, 234.15715558495998
outshine, 234.15715558495998
lied, 234.15715558495998
highlight, 234.15715558495998
feature, 234.15715558495998
backfire, 234.15715558495998
lured, 234.15715558495998
exaggeration, 234.15715558495998
voluminous, 234.15715558495998
realistic, 234.15715558495998
negatively, 234.15715558495998
viewers, 234.15715558495998
rendering, 234.15715558495998
unreal, 234.15715558495998
display, 234.15715558495998
misestimate, 234.15715558495998
overstating, 234.15715558495998
magnifying, 234.15715558495998
entertainment, 234.15715558495998
neither, 234.15715558495998
items, 234.15715558495998
entail, 234.15715558495998
description, 234.15715558495998
reality, 234.15715558495998
directly, 234.15715558495998
expressing, 234.15715558495998
gather, 234.15715558495998
meaningless, 234.15715558495998
common, 234.15715558495998
skeptical, 234.15715558495998
validity, 234.15715558495998
overemphasized, 234.15715558495998
understad, 234.15715558495998
lern, 234.15715558495998
classrooms, 234.15715558495998
soi, 234.15715558495998
anysubjects, 234.15715558495998
clasified, 234.15715558495998
ind, 234.15715558495998
scince, 234.15715558495998
speciaaly, 234.15715558495998
histry, 234.15715558495998
geography, 234.15715558495998
economics, 234.15715558495998
civics, 234.15715558495998
tdiffer, 234.15715558495998
suppose, 234.15715558495998
contries, 234.15715558495998
500, 234.15715558495998
bigest, 234.15715558495998
lephacanamis, 234.15715558495998
rool, 234.15715558495998
entair, 234.15715558495998
starting, 234.15715558495998
twentiath, 234.15715558495998
century, 234.15715558495998
electronics, 234.15715558495998
arre, 234.15715558495998
eleconics, 234.15715558495998
iportent, 234.15715558495998
meterials, 234.15715558495998
chemical, 234.15715558495998
bonding, 234.15715558495998
conductvitytypes, 234.15715558495998
meterial, 234.15715558495998
throuth, 234.15715558495998
classification, 234.15715558495998
fron, 234.15715558495998
thier, 234.15715558495998
supose, 234.15715558495998
disscussed, 234.15715558495998
discous, 234.15715558495998
solour, 234.15715558495998
insolor, 234.15715558495998
sun, 234.15715558495998
revolving, 234.15715558495998
moving, 234.15715558495998
east, 234.15715558495998
west, 234.15715558495998
naturally, 234.15715558495998
earth, 234.15715558495998
soroundings, 234.15715558495998
stationary, 234.15715558495998
plat, 234.15715558495998
sphere, 234.15715558495998
shape, 234.15715558495998
flat, 234.15715558495998
generaaly, 234.15715558495998
rising, 234.15715558495998
threee, 234.15715558495998
theit, 234.15715558495998
technical, 234.15715558495998
acept, 234.15715558495998
transfer, 234.15715558495998
heat, 234.15715558495998
cold, 234.15715558495998
diffuclt, 234.15715558495998
boiler, 234.15715558495998
kinetic, 234.15715558495998
converted, 234.15715558495998
electical, 234.15715558495998
terbine, 234.15715558495998
electrical, 234.15715558495998
refregaration, 234.15715558495998
stangly, 234.15715558495998
discution, 234.15715558495998
importent, 234.15715558495998
concpts, 234.15715558495998
guides, 234.15715558495998
harmful, 234.15715558495998
sole, 234.15715558495998
followed, 234.15715558495998
necessarily, 234.15715558495998
individually, 234.15715558495998
controlling, 234.15715558495998
tourists, 234.15715558495998
controller, 234.15715558495998
followers, 234.15715558495998
govern, 234.15715558495998
else, 234.15715558495998
bodies, 234.15715558495998
leads, 234.15715558495998
otherwise, 234.15715558495998
chose, 234.15715558495998
travelers, 234.15715558495998
tall, 234.15715558495998
guiders, 234.15715558495998
myth, 234.15715558495998
healthy, 234.15715558495998
balanced, 234.15715558495998
boast, 234.15715558495998
enriches, 234.15715558495998
pocket, 234.15715558495998
demands, 234.15715558495998
correspond, 234.15715558495998
emphasized, 234.15715558495998
inclusive, 234.15715558495998
elaborate, 234.15715558495998
quality-pursuing, 234.15715558495998
thrive, 234.15715558495998
recent, 234.15715558495998
immersed, 234.15715558495998
unable, 234.15715558495998
lunch, 234.15715558495998
dinner, 234.15715558495998
indicate, 234.15715558495998
advance, 234.15715558495998
crops, 234.15715558495998
farmers, 234.15715558495998
cultivate, 234.15715558495998
high-priced, 234.15715558495998
abrasive, 234.15715558495998
resort, 234.15715558495998
healthier, 234.15715558495998
consumers, 234.15715558495998
nutritious, 234.15715558495998
respectively, 234.15715558495998
win-win, 234.15715558495998
trade, 234.15715558495998
positive, 234.15715558495998
cycle, 234.15715558495998
participating, 234.15715558495998
considerations, 234.15715558495998
quick, 234.15715558495998
spread, 234.15715558495998
viewed, 234.15715558495998
necessity, 234.15715558495998
intake, 234.15715558495998
nutrition, 234.15715558495998
newspaper, 234.15715558495998
broadcast, 234.15715558495998
recommend, 234.15715558495998
dish, 234.15715558495998
counterbalance, 234.15715558495998
fat, 234.15715558495998
objects, 234.15715558495998
worse, 234.15715558495998
habit, 234.15715558495998
health, 234.15715558495998
lure, 234.15715558495998
array, 234.15715558495998
direction, 234.15715558495998
status, 234.15715558495998
sturdy, 234.15715558495998
